[
  [
    0,
    [
      [
        0,
        1
      ],
      [
        0,
        5
      ],
      [
        0,
        6
      ],
      [
        1,
        3
      ],
      [
        1,
        4
      ],
      [
        1,
        5
      ],
      [
        2,
        6
      ],
      [
        3,
        5
      ],
      [
        4,
        5
      ],
      [
        4,
        6
      ]
    ]
  ],
  [
    1,
    [
      [
        0,
        2
      ],
      [
        0,
        3
      ],
      [
        0,
        4
      ],
      [
        0,
        5
      ],
      [
        1,
        5
      ],
      [
        1,
        6
      ],
      [
        2,
        3
      ],
      [
        2,
        5
      ],
      [
        3,
        5
      ],
      [
        4,
        6
      ]
    ]
  ],
  [
    2,
    [
      [
        0,
        2
      ],
      [
        0,
        3
      ],
      [
        1,
        2
      ],
      [
        1,
        3
      ],
      [
        2,
        5
      ],
      [
        2,
        6
      ],
      [
        3,
        5
      ],
      [
        3,
        6
      ],
      [
        4,
        5
      ]
    ]
  ],
  [
    3,
    [
      [
        0,
        2
      ],
      [
        0,
        3
      ],
      [
        0,
        6
      ],
      [
        1,
        2
      ],
      [
        1,
        5
      ],
      [
        1,
        6
      ],
      [
        2,
        3
      ],
      [
        2,
        5
      ],
      [
        2,
        6
      ],
      [
        3,
        6
      ],
      [
        4,
        5
      ]
    ]
  ],
  [
    4,
    [
      [
        0,
        2
      ],
      [
        0,
        3
      ],
      [
        0,
        6
      ],
      [
        1,
        2
      ],
      [
        1,
        3
      ],
      [
        1,
        6
      ],
      [
        2,
        3
      ],
      [
        2,
        5
      ],
      [
        4,
        5
      ],
      [
        5,
        6
      ]
    ]
  ],
  [
    5,
    [
      [
        0,
        3
      ],
      [
        0,
        4
      ],
      [
        0,
        5
      ],
      [
        1,
        5
      ],
      [
        1,
        6
      ],
      [
        2,
        4
      ],
      [
        2,
        5
      ],
      [
        2,
        6
      ],
      [
        3,
        5
      ],
      [
        4,
        5
      ]
    ]
  ],
  [
    6,
    [
      [
        0,
        2
      ],
      [
        0,
        4
      ],
      [
        0,
        5
      ],
      [
        1,
        2
      ],
      [
        2,
        4
      ],
      [
        3,
        4
      ],
      [
        3,
        6
      ],
      [
        4,
        5
      ],
      [
        5,
        6
      ]
    ]
  ],
  [
    7,
    [
      [
        0,
        1
      ],
      [
        0,
        4
      ],
      [
        1,
        2
      ],
      [
        1,
        5
      ],
      [
        2,
        3
      ],
      [
        2,
        5
      ],
      [
        2,
        6
      ],
      [
        3,
        5
      ],
      [
        4,
        6
      ],
      [
        5,
        6
      ]
    ]
  ],
  [
    8,
    [
      [
        0,
        1
      ],
      [
        0,
        3
      ],
      [
        0,
        5
      ],
      [
        0,
        6
      ],
      [
        1,
        3
      ],
      [
        2,
        5
      ],
      [
        2,
        6
      ],
      [
        4,
        5
      ],
      [
        4,
        6
      ],
      [
        5,
        6
      ]
    ]
  ],
  [
    9,
    [
      [
        0,
        2
      ],
      [
        0,
        4
      ],
      [
        0,
        5
      ],
      [
        1,
        3
      ],
      [
        1,
        4
      ],
      [
        2,
        6
      ],
      [
        3,
        4
      ],
      [
        3,
        5
      ],
      [
        5,
        6
      ]
    ]
  ],
  [
    10,
    [
      [
        0,
        1
      ],
      [
        0,
        2
      ],
      [
        0,
        3
      ],
      [
        0,
        5
      ],
      [
        1,
        4
      ],
      [
        1,
        6
      ],
      [
        2,
        4
      ],
      [
        2,
        6
      ],
      [
        4,
        5
      ],
      [
        4,
        6
      ],
      [
        5,
        6
      ]
    ]
  ],
  [
    11,
    [
      [
        0,
        3
      ],
      [
        0,
        4
      ],
      [
        0,
        5
      ],
      [
        0,
        6
      ],
      [
        1,
        4
      ],
      [
        2,
        3
      ],
      [
        2,
        4
      ],
      [
        2,
        5
      ],
      [
        3,
        6
      ],
      [
        4,
        6
      ],
      [
        5,
        6
      ]
    ]
  ],
  [
    12,
    [
      [
        0,
        1
      ],
      [
        0,
        2
      ],
      [
        0,
        3
      ],
      [
        0,
        4
      ],
      [
        0,
        5
      ],
      [
        0,
        6
      ],
      [
        1,
        4
      ],
      [
        2,
        5
      ],
      [
        3,
        6
      ]
    ]
  ],
  [
    13,
    [
      [
        0,
        3
      ],
      [
        0,
        5
      ],
      [
        1,
        3
      ],
      [
        1,
        5
      ],
      [
        2,
        3
      ],
      [
        2,
        5
      ],
      [
        3,
        4
      ],
      [
        3,
        6
      ],
      [
        4,
        6
      ],
      [
        5,
        6
      ]
    ]
  ],
  [
    14,
    [
      [
        0,
        1
      ],
      [
        0,
        4
      ],
      [
        0,
        5
      ],
      [
        0,
        6
      ],
      [
        1,
        2
      ],
      [
        1,
        6
      ],
      [
        2,
        3
      ],
      [
        3,
        4
      ],
      [
        3,
        5
      ],
      [
        4,
        5
      ]
    ]
  ],
  [
    15,
    [
      [
        0,
        2
      ],
      [
        0,
        5
      ],
      [
        1,
        2
      ],
      [
        1,
        4
      ],
      [
        1,
        5
      ],
      [
        2,
        3
      ],
      [
        2,
        6
      ],
      [
        3,
        5
      ],
      [
        3,
        6
      ],
      [
        4,
        5
      ]
    ]
  ],
  [
    16,
    [
      [
        0,
        2
      ],
      [
        0,
        4
      ],
      [
        0,
        5
      ],
      [
        0,
        6
      ],
      [
        1,
        2
      ],
      [
        1,
        5
      ],
      [
        2,
        4
      ],
      [
        3,
        5
      ],
      [
        3,
        6
      ],
      [
        4,
        6
      ]
    ]
  ],
  [
    17,
    [
      [
        0,
        1
      ],
      [
        0,
        4
      ],
      [
        0,
        6
      ],
      [
        1,
        3
      ],
      [
        1,
        4
      ],
      [
        1,
        6
      ],
      [
        2,
        3
      ],
      [
        2,
        4
      ],
      [
        2,
        5
      ],
      [
        3,
        5
      ]
    ]
  ],
  [
    18,
    [
      [
        0,
        1
      ],
      [
        0,
        2
      ],
      [
        0,
        4
      ],
      [
        1,
        5
      ],
      [
        1,
        6
      ],
      [
        2,
        5
      ],
      [
        2,
        6
      ],
      [
        3,
        4
      ],
      [
        4,
        5
      ],
      [
        4,
        6
      ]
    ]
  ],
  [
    19,
    [
      [
        0,
        5
      ],
      [
        0,
        6
      ],
      [
        1,
        2
      ],
      [
        2,
        3
      ],
      [
        2,
        4
      ],
      [
        2,
        5
      ],
      [
        2,
        6
      ],
      [
        3,
        4
      ],
      [
        3,
        5
      ],
      [
        5,
        6
      ]
    ]
  ],
  [
    20,
    [
      [
        0,
        4
      ],
      [
        0,
        5
      ],
      [
        1,
        5
      ],
      [
        1,
        6
      ],
      [
        2,
        5
      ],
      [
        2,
        6
      ],
      [
        3,
        5
      ],
      [
        3,
        6
      ],
      [
        4,
        6
      ],
      [
        5,
        6
      ]
    ]
  ],
  [
    21,
    [
      [
        0,
        3
      ],
      [
        0,
        5
      ],
      [
        1,
        3
      ],
      [
        1,
        4
      ],
      [
        1,
        5
      ],
      [
        2,
        5
      ],
      [
        3,
        4
      ],
      [
        4,
        6
      ],
      [
        5,
        6
      ]
    ]
  ],
  [
    22,
    [
      [
        0,
        1
      ],
      [
        1,
        3
      ],
      [
        1,
        5
      ],
      [
        1,
        6
      ],
      [
        2,
        4
      ],
      [
        3,
        4
      ],
      [
        3,
        5
      ],
      [
        3,
        6
      ],
      [
        4,
        5
      ],
      [
        4,
        6
      ],
      [
        5,
        6
      ]
    ]
  ],
  [
    23,
    [
      [
        0,
        1
      ],
      [
        0,
        2
      ],
      [
        0,
        6
      ],
      [
        1,
        2
      ],
      [
        2,
        3
      ],
      [
        2,
        5
      ],
      [
        2,
        6
      ],
      [
        3,
        4
      ],
      [
        3,
        5
      ],
      [
        3,
        6
      ]
    ]
  ],
  [
    24,
    [
      [
        0,
        1
      ],
      [
        0,
        5
      ],
      [
        1,
        4
      ],
      [
        2,
        4
      ],
      [
        2,
        5
      ],
      [
        3,
        5
      ],
      [
        3,
        6
      ],
      [
        4,
        5
      ],
      [
        5,
        6
      ]
    ]
  ],
  [
    25,
    [
      [
        0,
        1
      ],
      [
        0,
        6
      ],
      [
        1,
        2
      ],
      [
        1,
        3
      ],
      [
        1,
        4
      ],
      [
        1,
        6
      ],
      [
        2,
        4
      ],
      [
        2,
        6
      ],
      [
        3,
        6
      ],
      [
        4,
        5
      ]
    ]
  ],
  [
    26,
    [
      [
        0,
        1
      ],
      [
        0,
        2
      ],
      [
        0,
        6
      ],
      [
        1,
        2
      ],
      [
        1,
        6
      ],
      [
        2,
        4
      ],
      [
        3,
        4
      ],
      [
        3,
        6
      ],
      [
        4,
        5
      ],
      [
        5,
        6
      ]
    ]
  ],
  [
    27,
    [
      [
        0,
        1
      ],
      [
        0,
        2
      ],
      [
        0,
        3
      ],
      [
        0,
        4
      ],
      [
        0,
        5
      ],
      [
        0,
        6
      ],
      [
        1,
        4
      ],
      [
        2,
        4
      ],
      [
        2,
        5
      ],
      [
        3,
        5
      ],
      [
        5,
        6
      ]
    ]
  ],
  [
    28,
    [
      [
        0,
        1
      ],
      [
        0,
        5
      ],
      [
        1,
        2
      ],
      [
        1,
        6
      ],
      [
        2,
        3
      ],
      [
        2,
        4
      ],
      [
        3,
        4
      ],
      [
        3,
        5
      ],
      [
        5,
        6
      ]
    ]
  ],
  [
    29,
    [
      [
        0,
        3
      ],
      [
        1,
        2
      ],
      [
        1,
        3
      ],
      [
        1,
        4
      ],
      [
        1,
        5
      ],
      [
        1,
        6
      ],
      [
        2,
        3
      ],
      [
        2,
        6
      ],
      [
        3,
        4
      ],
      [
        4,
        6
      ],
      [
        5,
        6
      ]
    ]
  ],
  [
    30,
    [
      [
        0,
        4
      ],
      [
        0,
        5
      ],
      [
        1,
        4
      ],
      [
        1,
        6
      ],
      [
        2,
        3
      ],
      [
        2,
        5
      ],
      [
        3,
        6
      ],
      [
        4,
        5
      ],
      [
        5,
        6
      ]
    ]
  ],
  [
    31,
    [
      [
        0,
        2
      ],
      [
        0,
        3
      ],
      [
        0,
        6
      ],
      [
        1,
        4
      ],
      [
        1,
        6
      ],
      [
        2,
        5
      ],
      [
        2,
        6
      ],
      [
        3,
        6
      ],
      [
        4,
        6
      ]
    ]
  ],
  [
    32,
    [
      [
        0,
        1
      ],
      [
        0,
        3
      ],
      [
        0,
        6
      ],
      [
        1,
        2
      ],
      [
        1,
        5
      ],
      [
        2,
        5
      ],
      [
        2,
        6
      ],
      [
        3,
        4
      ],
      [
        3,
        6
      ]
    ]
  ],
  [
    33,
    [
      [
        0,
        1
      ],
      [
        0,
        3
      ],
      [
        1,
        2
      ],
      [
        1,
        3
      ],
      [
        1,
        4
      ],
      [
        1,
        5
      ],
      [
        1,
        6
      ],
      [
        2,
        6
      ],
      [
        3,
        6
      ],
      [
        4,
        6
      ]
    ]
  ],
  [
    34,
    [
      [
        0,
        2
      ],
      [
        0,
        4
      ],
      [
        0,
        5
      ],
      [
        0,
        6
      ],
      [
        1,
        2
      ],
      [
        2,
        3
      ],
      [
        2,
        6
      ],
      [
        3,
        4
      ],
      [
        3,
        5
      ],
      [
        3,
        6
      ],
      [
        5,
        6
      ]
    ]
  ],
  [
    35,
    [
      [
        0,
        2
      ],
      [
        0,
        5
      ],
      [
        1,
        2
      ],
      [
        1,
        5
      ],
      [
        2,
        4
      ],
      [
        2,
        6
      ],
      [
        3,
        5
      ],
      [
        3,
        6
      ],
      [
        4,
        5
      ]
    ]
  ],
  [
    36,
    [
      [
        0,
        2
      ],
      [
        0,
        3
      ],
      [
        0,
        4
      ],
      [
        0,
        5
      ],
      [
        1,
        2
      ],
      [
        1,
        3
      ],
      [
        1,
        4
      ],
      [
        1,
        5
      ],
      [
        2,
        5
      ],
      [
        2,
        6
      ],
      [
        3,
        4
      ]
    ]
  ],
  [
    37,
    [
      [
        0,
        3
      ],
      [
        0,
        4
      ],
      [
        0,
        5
      ],
      [
        0,
        6
      ],
      [
        1,
        2
      ],
      [
        2,
        4
      ],
      [
        3,
        4
      ],
      [
        3,
        6
      ],
      [
        4,
        5
      ],
      [
        4,
        6
      ],
      [
        5,
        6
      ]
    ]
  ],
  [
    38,
    [
      [
        0,
        1
      ],
      [
        0,
        2
      ],
      [
        0,
        6
      ],
      [
        1,
        2
      ],
      [
        1,
        4
      ],
      [
        1,
        6
      ],
      [
        2,
        3
      ],
      [
        3,
        6
      ],
      [
        4,
        6
      ],
      [
        5,
        6
      ]
    ]
  ],
  [
    39,
    [
      [
        0,
        2
      ],
      [
        1,
        2
      ],
      [
        1,
        4
      ],
      [
        1,
        5
      ],
      [
        1,
        6
      ],
      [
        2,
        4
      ],
      [
        2,
        6
      ],
      [
        3,
        5
      ],
      [
        3,
        6
      ],
      [
        4,
        5
      ]
    ]
  ],
  [
    40,
    [
      [
        0,
        1
      ],
      [
        0,
        4
      ],
      [
        0,
        6
      ],
      [
        1,
        4
      ],
      [
        2,
        3
      ],
      [
        2,
        4
      ],
      [
        2,
        6
      ],
      [
        3,
        6
      ],
      [
        4,
        5
      ],
      [
        4,
        6
      ],
      [
        5,
        6
      ]
    ]
  ],
  [
    41,
    [
      [
        0,
        2
      ],
      [
        0,
        6
      ],
      [
        1,
        2
      ],
      [
        1,
        3
      ],
      [
        2,
        4
      ],
      [
        2,
        5
      ],
      [
        2,
        6
      ],
      [
        4,
        6
      ],
      [
        5,
        6
      ]
    ]
  ],
  [
    42,
    [
      [
        0,
        1
      ],
      [
        0,
        3
      ],
      [
        0,
        4
      ],
      [
        1,
        2
      ],
      [
        1,
        3
      ],
      [
        1,
        6
      ],
      [
        3,
        4
      ],
      [
        3,
        5
      ],
      [
        3,
        6
      ],
      [
        4,
        5
      ],
      [
        5,
        6
      ]
    ]
  ],
  [
    43,
    [
      [
        0,
        1
      ],
      [
        0,
        2
      ],
      [
        0,
        5
      ],
      [
        0,
        6
      ],
      [
        1,
        4
      ],
      [
        1,
        5
      ],
      [
        2,
        5
      ],
      [
        2,
        6
      ],
      [
        3,
        4
      ],
      [
        5,
        6
      ]
    ]
  ],
  [
    44,
    [
      [
        0,
        1
      ],
      [
        0,
        6
      ],
      [
        1,
        2
      ],
      [
        1,
        4
      ],
      [
        1,
        5
      ],
      [
        2,
        3
      ],
      [
        2,
        5
      ],
      [
        2,
        6
      ],
      [
        3,
        6
      ],
      [
        4,
        6
      ]
    ]
  ],
  [
    45,
    [
      [
        0,
        1
      ],
      [
        0,
        3
      ],
      [
        0,
        5
      ],
      [
        0,
        6
      ],
      [
        1,
        2
      ],
      [
        2,
        3
      ],
      [
        2,
        5
      ],
      [
        3,
        5
      ],
      [
        4,
        6
      ]
    ]
  ],
  [
    46,
    [
      [
        0,
        1
      ],
      [
        0,
        2
      ],
      [
        0,
        4
      ],
      [
        1,
        3
      ],
      [
        1,
        5
      ],
      [
        1,
        6
      ],
      [
        2,
        6
      ],
      [
        3,
        5
      ],
      [
        4,
        6
      ]
    ]
  ],
  [
    47,
    [
      [
        0,
        1
      ],
      [
        0,
        2
      ],
      [
        0,
        4
      ],
      [
        0,
        5
      ],
      [
        1,
        3
      ],
      [
        1,
        4
      ],
      [
        2,
        3
      ],
      [
        2,
        5
      ],
      [
        3,
        4
      ],
      [
        3,
        5
      ],
      [
        3,
        6
      ]
    ]
  ],
  [
    48,
    [
      [
        0,
        2
      ],
      [
        0,
        3
      ],
      [
        0,
        5
      ],
      [
        1,
        2
      ],
      [
        1,
        3
      ],
      [
        1,
        5
      ],
      [
        2,
        6
      ],
      [
        3,
        4
      ],
      [
        4,
        6
      ],
      [
        5,
        6
      ]
    ]
  ],
  [
    49,
    [
      [
        0,
        1
      ],
      [
        0,
        3
      ],
      [
        1,
        3
      ],
      [
        1,
        5
      ],
      [
        1,
        6
      ],
      [
        2,
        6
      ],
      [
        3,
        4
      ],
      [
        3,
        6
      ],
      [
        4,
        5
      ],
      [
        4,
        6
      ],
      [
        5,
        6
      ]
    ]
  ],
  [
    50,
    [
      [
        0,
        1
      ],
      [
        0,
        5
      ],
      [
        0,
        6
      ],
      [
        1,
        3
      ],
      [
        1,
        4
      ],
      [
        2,
        3
      ],
      [
        2,
        4
      ],
      [
        3,
        5
      ],
      [
        4,
        6
      ],
      [
        5,
        6
      ]
    ]
  ],
  [
    51,
    [
      [
        0,
        2
      ],
      [
        0,
        5
      ],
      [
        0,
        6
      ],
      [
        1,
        2
      ],
      [
        1,
        3
      ],
      [
        1,
        4
      ],
      [
        2,
        3
      ],
      [
        2,
        5
      ],
      [
        5,
        6
      ]
    ]
  ],
  [
    52,
    [
      [
        0,
        1
      ],
      [
        0,
        2
      ],
      [
        0,
        3
      ],
      [
        0,
        4
      ],
      [
        0,
        5
      ],
      [
        0,
        6
      ],
      [
        1,
        6
      ],
      [
        2,
        3
      ],
      [
        3,
        5
      ]
    ]
  ],
  [
    53,
    [
      [
        0,
        2
      ],
      [
        0,
        4
      ],
      [
        0,
        5
      ],
      [
        1,
        2
      ],
      [
        1,
        4
      ],
      [
        2,
        3
      ],
      [
        2,
        5
      ],
      [
        2,
        6
      ],
      [
        3,
        4
      ],
      [
        4,
        5
      ]
    ]
  ],
  [
    54,
    [
      [
        0,
        4
      ],
      [
        1,
        2
      ],
      [
        1,
        6
      ],
      [
        2,
        3
      ],
      [
        2,
        4
      ],
      [
        3,
        4
      ],
      [
        3,
        5
      ],
      [
        3,
        6
      ],
      [
        4,
        6
      ],
      [
        5,
        6
      ]
    ]
  ],
  [
    55,
    [
      [
        0,
        2
      ],
      [
        1,
        3
      ],
      [
        2,
        3
      ],
      [
        2,
        4
      ],
      [
        2,
        5
      ],
      [
        2,
        6
      ],
      [
        3,
        4
      ],
      [
        3,
        6
      ],
      [
        4,
        5
      ],
      [
        4,
        6
      ]
    ]
  ],
  [
    56,
    [
      [
        0,
        1
      ],
      [
        0,
        2
      ],
      [
        0,
        4
      ],
      [
        0,
        6
      ],
      [
        1,
        2
      ],
      [
        1,
        4
      ],
      [
        2,
        4
      ],
      [
        2,
        6
      ],
      [
        3,
        4
      ],
      [
        5,
        6
      ]
    ]
  ],
  [
    57,
    [
      [
        0,
        4
      ],
      [
        1,
        2
      ],
      [
        1,
        3
      ],
      [
        1,
        5
      ],
      [
        1,
        6
      ],
      [
        2,
        3
      ],
      [
        2,
        5
      ],
      [
        2,
        6
      ],
      [
        3,
        5
      ],
      [
        4,
        5
      ]
    ]
  ],
  [
    58,
    [
      [
        0,
        1
      ],
      [
        0,
        3
      ],
      [
        0,
        6
      ],
      [
        1,
        2
      ],
      [
        1,
        4
      ],
      [
        1,
        6
      ],
      [
        2,
        4
      ],
      [
        2,
        5
      ],
      [
        3,
        6
      ],
      [
        4,
        5
      ]
    ]
  ],
  [
    59,
    [
      [
        0,
        1
      ],
      [
        0,
        4
      ],
      [
        0,
        5
      ],
      [
        0,
        6
      ],
      [
        1,
        2
      ],
      [
        1,
        3
      ],
      [
        1,
        4
      ],
      [
        1,
        5
      ],
      [
        2,
        5
      ],
      [
        3,
        5
      ],
      [
        4,
        5
      ]
    ]
  ],
  [
    60,
    [
      [
        0,
        2
      ],
      [
        1,
        2
      ],
      [
        1,
        5
      ],
      [
        1,
        6
      ],
      [
        2,
        3
      ],
      [
        2,
        5
      ],
      [
        3,
        5
      ],
      [
        3,
        6
      ],
      [
        4,
        6
      ],
      [
        5,
        6
      ]
    ]
  ],
  [
    61,
    [
      [
        0,
        1
      ],
      [
        0,
        4
      ],
      [
        0,
        5
      ],
      [
        1,
        2
      ],
      [
        1,
        4
      ],
      [
        2,
        3
      ],
      [
        2,
        5
      ],
      [
        3,
        4
      ],
      [
        3,
        6
      ],
      [
        4,
        6
      ]
    ]
  ],
  [
    62,
    [
      [
        0,
        1
      ],
      [
        0,
        4
      ],
      [
        0,
        5
      ],
      [
        0,
        6
      ],
      [
        1,
        5
      ],
      [
        1,
        6
      ],
      [
        2,
        4
      ],
      [
        3,
        5
      ],
      [
        4,
        5
      ],
      [
        4,
        6
      ]
    ]
  ],
  [
    63,
    [
      [
        0,
        2
      ],
      [
        0,
        4
      ],
      [
        0,
        5
      ],
      [
        0,
        6
      ],
      [
        1,
        4
      ],
      [
        1,
        5
      ],
      [
        2,
        3
      ],
      [
        2,
        6
      ],
      [
        4,
        5
      ],
      [
        4,
        6
      ],
      [
        5,
        6
      ]
    ]
  ],
  [
    64,
    [
      [
        0,
        2
      ],
      [
        0,
        4
      ],
      [
        0,
        6
      ],
      [
        1,
        5
      ],
      [
        1,
        6
      ],
      [
        2,
        4
      ],
      [
        2,
        6
      ],
      [
        3,
        6
      ],
      [
        4,
        6
      ],
      [
        5,
        6
      ]
    ]
  ],
  [
    65,
    [
      [
        0,
        1
      ],
      [
        0,
        2
      ],
      [
        0,
        5
      ],
      [
        1,
        2
      ],
      [
        1,
        5
      ],
      [
        2,
        5
      ],
      [
        2,
        6
      ],
      [
        3,
        4
      ],
      [
        3,
        5
      ],
      [
        5,
        6
      ]
    ]
  ],
  [
    66,
    [
      [
        0,
        2
      ],
      [
        0,
        3
      ],
      [
        1,
        4
      ],
      [
        1,
        6
      ],
      [
        2,
        5
      ],
      [
        3,
        4
      ],
      [
        3,
        6
      ],
      [
        4,
        5
      ],
      [
        4,
        6
      ]
    ]
  ],
  [
    67,
    [
      [
        0,
        1
      ],
      [
        0,
        2
      ],
      [
        0,
        4
      ],
      [
        1,
        2
      ],
      [
        1,
        6
      ],
      [
        2,
        5
      ],
      [
        2,
        6
      ],
      [
        3,
        4
      ],
      [
        5,
        6
      ]
    ]
  ],
  [
    68,
    [
      [
        0,
        1
      ],
      [
        0,
        5
      ],
      [
        1,
        2
      ],
      [
        1,
        3
      ],
      [
        1,
        4
      ],
      [
        1,
        6
      ],
      [
        2,
        5
      ],
      [
        3,
        5
      ],
      [
        4,
        5
      ],
      [
        5,
        6
      ]
    ]
  ],
  [
    69,
    [
      [
        0,
        1
      ],
      [
        0,
        2
      ],
      [
        0,
        3
      ],
      [
        0,
        6
      ],
      [
        1,
        2
      ],
      [
        1,
        3
      ],
      [
        1,
        6
      ],
      [
        2,
        6
      ],
      [
        3,
        4
      ],
      [
        3,
        5
      ],
      [
        3,
        6
      ]
    ]
  ],
  [
    70,
    [
      [
        0,
        1
      ],
      [
        0,
        2
      ],
      [
        0,
        3
      ],
      [
        0,
        4
      ],
      [
        1,
        3
      ],
      [
        1,
        5
      ],
      [
        1,
        6
      ],
      [
        2,
        6
      ],
      [
        3,
        6
      ],
      [
        4,
        5
      ]
    ]
  ],
  [
    71,
    [
      [
        0,
        2
      ],
      [
        0,
        3
      ],
      [
        0,
        4
      ],
      [
        0,
        5
      ],
      [
        0,
        6
      ],
      [
        1,
        6
      ],
      [
        2,
        3
      ],
      [
        2,
        4
      ],
      [
        2,
        6
      ],
      [
        3,
        6
      ],
      [
        4,
        6
      ]
    ]
  ],
  [
    72,
    [
      [
        0,
        4
      ],
      [
        0,
        6
      ],
      [
        1,
        3
      ],
      [
        1,
        4
      ],
      [
        1,
        6
      ],
      [
        2,
        6
      ],
      [
        3,
        4
      ],
      [
        4,
        5
      ],
      [
        5,
        6
      ]
    ]
  ],
  [
    73,
    [
      [
        0,
        1
      ],
      [
        0,
        4
      ],
      [
        0,
        6
      ],
      [
        1,
        2
      ],
      [
        1,
        5
      ],
      [
        2,
        4
      ],
      [
        2,
        5
      ],
      [
        3,
        6
      ],
      [
        4,
        6
      ],
      [
        5,
        6
      ]
    ]
  ],
  [
    74,
    [
      [
        0,
        1
      ],
      [
        0,
        2
      ],
      [
        0,
        3
      ],
      [
        0,
        4
      ],
      [
        0,
        6
      ],
      [
        1,
        2
      ],
      [
        1,
        3
      ],
      [
        1,
        4
      ],
      [
        2,
        5
      ],
      [
        3,
        5
      ]
    ]
  ],
  [
    75,
    [
      [
        0,
        1
      ],
      [
        0,
        2
      ],
      [
        0,
        3
      ],
      [
        0,
        4
      ],
      [
        1,
        4
      ],
      [
        1,
        5
      ],
      [
        2,
        5
      ],
      [
        3,
        4
      ],
      [
        4,
        6
      ],
      [
        5,
        6
      ]
    ]
  ],
  [
    76,
    [
      [
        0,
        3
      ],
      [
        0,
        4
      ],
      [
        0,
        6
      ],
      [
        1,
        4
      ],
      [
        1,
        5
      ],
      [
        2,
        3
      ],
      [
        2,
        4
      ],
      [
        3,
        5
      ],
      [
        3,
        6
      ]
    ]
  ],
  [
    77,
    [
      [
        0,
        1
      ],
      [
        0,
        3
      ],
      [
        1,
        3
      ],
      [
        1,
        4
      ],
      [
        1,
        5
      ],
      [
        1,
        6
      ],
      [
        2,
        4
      ],
      [
        2,
        5
      ],
      [
        2,
        6
      ]
    ]
  ],
  [
    78,
    [
      [
        0,
        1
      ],
      [
        0,
        3
      ],
      [
        0,
        6
      ],
      [
        1,
        2
      ],
      [
        1,
        4
      ],
      [
        1,
        5
      ],
      [
        1,
        6
      ],
      [
        2,
        5
      ],
      [
        2,
        6
      ],
      [
        4,
        5
      ],
      [
        5,
        6
      ]
    ]
  ],
  [
    79,
    [
      [
        0,
        1
      ],
      [
        0,
        2
      ],
      [
        0,
        4
      ],
      [
        1,
        4
      ],
      [
        1,
        5
      ],
      [
        2,
        4
      ],
      [
        3,
        4
      ],
      [
        3,
        5
      ],
      [
        4,
        5
      ],
      [
        4,
        6
      ]
    ]
  ],
  [
    80,
    [
      [
        0,
        1
      ],
      [
        0,
        2
      ],
      [
        0,
        6
      ],
      [
        1,
        5
      ],
      [
        2,
        3
      ],
      [
        2,
        5
      ],
      [
        3,
        4
      ],
      [
        3,
        5
      ],
      [
        5,
        6
      ]
    ]
  ],
  [
    81,
    [
      [
        0,
        1
      ],
      [
        0,
        2
      ],
      [
        0,
        6
      ],
      [
        1,
        2
      ],
      [
        1,
        4
      ],
      [
        2,
        5
      ],
      [
        3,
        4
      ],
      [
        3,
        5
      ],
      [
        3,
        6
      ],
      [
        5,
        6
      ]
    ]
  ],
  [
    82,
    [
      [
        0,
        1
      ],
      [
        0,
        2
      ],
      [
        0,
        3
      ],
      [
        0,
        4
      ],
      [
        0,
        5
      ],
      [
        0,
        6
      ],
      [
        1,
        2
      ],
      [
        1,
        3
      ],
      [
        1,
        5
      ],
      [
        2,
        3
      ],
      [
        2,
        6
      ]
    ]
  ],
  [
    83,
    [
      [
        0,
        4
      ],
      [
        0,
        6
      ],
      [
        1,
        4
      ],
      [
        1,
        6
      ],
      [
        2,
        4
      ],
      [
        2,
        6
      ],
      [
        3,
        4
      ],
      [
        3,
        6
      ],
      [
        4,
        5
      ],
      [
        4,
        6
      ],
      [
        5,
        6
      ]
    ]
  ],
  [
    84,
    [
      [
        0,
        6
      ],
      [
        1,
        3
      ],
      [
        1,
        4
      ],
      [
        1,
        5
      ],
      [
        1,
        6
      ],
      [
        2,
        3
      ],
      [
        2,
        4
      ],
      [
        2,
        6
      ],
      [
        3,
        5
      ],
      [
        3,
        6
      ],
      [
        5,
        6
      ]
    ]
  ],
  [
    85,
    [
      [
        0,
        2
      ],
      [
        0,
        3
      ],
      [
        0,
        5
      ],
      [
        0,
        6
      ],
      [
        1,
        3
      ],
      [
        1,
        6
      ],
      [
        2,
        4
      ],
      [
        4,
        5
      ],
      [
        5,
        6
      ]
    ]
  ],
  [
    86,
    [
      [
        0,
        5
      ],
      [
        0,
        6
      ],
      [
        1,
        2
      ],
      [
        2,
        3
      ],
      [
        2,
        6
      ],
      [
        3,
        4
      ],
      [
        3,
        5
      ],
      [
        4,
        5
      ],
      [
        5,
        6
      ]
    ]
  ],
  [
    87,
    [
      [
        0,
        1
      ],
      [
        0,
        4
      ],
      [
        0,
        6
      ],
      [
        1,
        2
      ],
      [
        1,
        5
      ],
      [
        1,
        6
      ],
      [
        2,
        3
      ],
      [
        2,
        6
      ],
      [
        3,
        6
      ],
      [
        4,
        6
      ]
    ]
  ],
  [
    88,
    [
      [
        0,
        1
      ],
      [
        0,
        2
      ],
      [
        0,
        3
      ],
      [
        0,
        4
      ],
      [
        1,
        6
      ],
      [
        2,
        5
      ],
      [
        2,
        6
      ],
      [
        3,
        4
      ],
      [
        3,
        6
      ],
      [
        4,
        6
      ]
    ]
  ],
  [
    89,
    [
      [
        0,
        1
      ],
      [
        0,
        2
      ],
      [
        0,
        4
      ],
      [
        0,
        5
      ],
      [
        1,
        2
      ],
      [
        1,
        3
      ],
      [
        2,
        4
      ],
      [
        2,
        6
      ],
      [
        3,
        5
      ],
      [
        4,
        6
      ]
    ]
  ],
  [
    90,
    [
      [
        0,
        1
      ],
      [
        0,
        5
      ],
      [
        1,
        4
      ],
      [
        2,
        3
      ],
      [
        2,
        4
      ],
      [
        2,
        5
      ],
      [
        3,
        4
      ],
      [
        3,
        5
      ],
      [
        4,
        6
      ],
      [
        5,
        6
      ]
    ]
  ],
  [
    91,
    [
      [
        0,
        1
      ],
      [
        0,
        3
      ],
      [
        1,
        2
      ],
      [
        2,
        4
      ],
      [
        2,
        5
      ],
      [
        2,
        6
      ],
      [
        3,
        4
      ],
      [
        3,
        6
      ],
      [
        4,
        5
      ],
      [
        5,
        6
      ]
    ]
  ],
  [
    92,
    [
      [
        0,
        3
      ],
      [
        0,
        5
      ],
      [
        0,
        6
      ],
      [
        1,
        3
      ],
      [
        1,
        5
      ],
      [
        1,
        6
      ],
      [
        2,
        5
      ],
      [
        2,
        6
      ],
      [
        3,
        4
      ],
      [
        4,
        5
      ]
    ]
  ],
  [
    93,
    [
      [
        0,
        2
      ],
      [
        0,
        5
      ],
      [
        1,
        3
      ],
      [
        1,
        5
      ],
      [
        1,
        6
      ],
      [
        2,
        3
      ],
      [
        3,
        4
      ],
      [
        4,
        5
      ],
      [
        4,
        6
      ]
    ]
  ],
  [
    94,
    [
      [
        0,
        1
      ],
      [
        0,
        2
      ],
      [
        0,
        5
      ],
      [
        0,
        6
      ],
      [
        1,
        2
      ],
      [
        1,
        6
      ],
      [
        2,
        5
      ],
      [
        3,
        6
      ],
      [
        4,
        6
      ],
      [
        5,
        6
      ]
    ]
  ],
  [
    95,
    [
      [
        0,
        3
      ],
      [
        0,
        6
      ],
      [
        1,
        5
      ],
      [
        2,
        4
      ],
      [
        2,
        5
      ],
      [
        2,
        6
      ],
      [
        3,
        5
      ],
      [
        3,
        6
      ],
      [
        4,
        5
      ],
      [
        4,
        6
      ],
      [
        5,
        6
      ]
    ]
  ],
  [
    96,
    [
      [
        0,
        1
      ],
      [
        0,
        4
      ],
      [
        0,
        5
      ],
      [
        1,
        2
      ],
      [
        1,
        4
      ],
      [
        1,
        6
      ],
      [
        2,
        3
      ],
      [
        2,
        4
      ],
      [
        2,
        5
      ],
      [
        3,
        5
      ]
    ]
  ],
  [
    97,
    [
      [
        0,
        1
      ],
      [
        0,
        2
      ],
      [
        0,
        4
      ],
      [
        0,
        5
      ],
      [
        1,
        4
      ],
      [
        2,
        4
      ],
      [
        3,
        4
      ],
      [
        3,
        6
      ],
      [
        5,
        6
      ]
    ]
  ],
  [
    98,
    [
      [
        0,
        1
      ],
      [
        0,
        3
      ],
      [
        1,
        2
      ],
      [
        1,
        6
      ],
      [
        2,
        3
      ],
      [
        3,
        4
      ],
      [
        3,
        6
      ],
      [
        4,
        6
      ],
      [
        5,
        6
      ]
    ]
  ],
  [
    99,
    [
      [
        0,
        1
      ],
      [
        0,
        2
      ],
      [
        0,
        6
      ],
      [
        1,
        2
      ],
      [
        1,
        4
      ],
      [
        2,
        3
      ],
      [
        2,
        4
      ],
      [
        2,
        6
      ],
      [
        3,
        4
      ],
      [
        4,
        5
      ],
      [
        4,
        6
      ]
    ]
  ],
  [
    100,
    [
      [
        0,
        1
      ],
      [
        0,
        3
      ],
      [
        0,
        6
      ],
      [
        1,
        2
      ],
      [
        1,
        4
      ],
      [
        1,
        5
      ],
      [
        2,
        5
      ],
      [
        3,
        4
      ],
      [
        4,
        5
      ],
      [
        5,
        6
      ]
    ]
  ],
  [
    101,
    [
      [
        0,
        3
      ],
      [
        0,
        4
      ],
      [
        1,
        3
      ],
      [
        1,
        4
      ],
      [
        1,
        6
      ],
      [
        2,
        3
      ],
      [
        2,
        4
      ],
      [
        3,
        4
      ],
      [
        3,
        6
      ],
      [
        4,
        5
      ]
    ]
  ],
  [
    102,
    [
      [
        0,
        2
      ],
      [
        0,
        3
      ],
      [
        0,
        5
      ],
      [
        1,
        2
      ],
      [
        2,
        3
      ],
      [
        2,
        4
      ],
      [
        2,
        5
      ],
      [
        2,
        6
      ],
      [
        3,
        5
      ],
      [
        4,
        5
      ],
      [
        5,
        6
      ]
    ]
  ],
  [
    103,
    [
      [
        0,
        3
      ],
      [
        0,
        4
      ],
      [
        0,
        5
      ],
      [
        0,
        6
      ],
      [
        1,
        2
      ],
      [
        2,
        3
      ],
      [
        2,
        4
      ],
      [
        2,
        5
      ],
      [
        2,
        6
      ],
      [
        3,
        5
      ],
      [
        3,
        6
      ]
    ]
  ],
  [
    104,
    [
      [
        0,
        2
      ],
      [
        0,
        4
      ],
      [
        0,
        5
      ],
      [
        0,
        6
      ],
      [
        1,
        2
      ],
      [
        1,
        3
      ],
      [
        1,
        5
      ],
      [
        1,
        6
      ],
      [
        2,
        3
      ],
      [
        2,
        6
      ],
      [
        3,
        6
      ]
    ]
  ],
  [
    105,
    [
      [
        0,
        1
      ],
      [
        0,
        4
      ],
      [
        1,
        4
      ],
      [
        1,
        6
      ],
      [
        2,
        3
      ],
      [
        3,
        4
      ],
      [
        3,
        6
      ],
      [
        4,
        5
      ],
      [
        4,
        6
      ],
      [
        5,
        6
      ]
    ]
  ],
  [
    106,
    [
      [
        0,
        2
      ],
      [
        0,
        4
      ],
      [
        1,
        2
      ],
      [
        1,
        3
      ],
      [
        1,
        4
      ],
      [
        1,
        5
      ],
      [
        2,
        4
      ],
      [
        3,
        5
      ],
      [
        3,
        6
      ],
      [
        4,
        6
      ]
    ]
  ],
  [
    107,
    [
      [
        0,
        3
      ],
      [
        0,
        4
      ],
      [
        0,
        5
      ],
      [
        1,
        2
      ],
      [
        2,
        4
      ],
      [
        3,
        4
      ],
      [
        3,
        6
      ],
      [
        4,
        5
      ],
      [
        4,
        6
      ],
      [
        5,
        6
      ]
    ]
  ],
  [
    108,
    [
      [
        0,
        1
      ],
      [
        0,
        2
      ],
      [
        1,
        4
      ],
      [
        1,
        5
      ],
      [
        1,
        6
      ],
      [
        2,
        3
      ],
      [
        2,
        5
      ],
      [
        3,
        4
      ],
      [
        3,
        6
      ]
    ]
  ],
  [
    109,
    [
      [
        0,
        3
      ],
      [
        0,
        5
      ],
      [
        0,
        6
      ],
      [
        1,
        2
      ],
      [
        1,
        4
      ],
      [
        2,
        6
      ],
      [
        3,
        4
      ],
      [
        4,
        5
      ],
      [
        4,
        6
      ]
    ]
  ],
  [
    110,
    [
      [
        0,
        2
      ],
      [
        0,
        3
      ],
      [
        0,
        4
      ],
      [
        0,
        5
      ],
      [
        1,
        2
      ],
      [
        1,
        4
      ],
      [
        1,
        5
      ],
      [
        1,
        6
      ],
      [
        2,
        3
      ],
      [
        4,
        5
      ]
    ]
  ],
  [
    111,
    [
      [
        0,
        2
      ],
      [
        0,
        5
      ],
      [
        1,
        3
      ],
      [
        1,
        6
      ],
      [
        2,
        3
      ],
      [
        2,
        4
      ],
      [
        2,
        5
      ],
      [
        2,
        6
      ],
      [
        4,
        5
      ]
    ]
  ],
  [
    112,
    [
      [
        0,
        1
      ],
      [
        0,
        3
      ],
      [
        0,
        4
      ],
      [
        0,
        5
      ],
      [
        1,
        3
      ],
      [
        1,
        5
      ],
      [
        1,
        6
      ],
      [
        2,
        3
      ],
      [
        2,
        5
      ],
      [
        2,
        6
      ],
      [
        5,
        6
      ]
    ]
  ],
  [
    113,
    [
      [
        0,
        1
      ],
      [
        0,
        2
      ],
      [
        0,
        6
      ],
      [
        1,
        6
      ],
      [
        2,
        3
      ],
      [
        2,
        4
      ],
      [
        3,
        4
      ],
      [
        4,
        5
      ],
      [
        4,
        6
      ]
    ]
  ],
  [
    114,
    [
      [
        0,
        2
      ],
      [
        0,
        3
      ],
      [
        0,
        4
      ],
      [
        1,
        2
      ],
      [
        1,
        4
      ],
      [
        1,
        5
      ],
      [
        2,
        6
      ],
      [
        3,
        6
      ],
      [
        5,
        6
      ]
    ]
  ],
  [
    115,
    [
      [
        0,
        4
      ],
      [
        0,
        5
      ],
      [
        1,
        2
      ],
      [
        1,
        3
      ],
      [
        1,
        4
      ],
      [
        3,
        4
      ],
      [
        3,
        5
      ],
      [
        3,
        6
      ],
      [
        4,
        5
      ],
      [
        5,
        6
      ]
    ]
  ],
  [
    116,
    [
      [
        0,
        2
      ],
      [
        0,
        3
      ],
      [
        0,
        6
      ],
      [
        1,
        5
      ],
      [
        2,
        4
      ],
      [
        2,
        6
      ],
      [
        3,
        4
      ],
      [
        3,
        6
      ],
      [
        5,
        6
      ]
    ]
  ],
  [
    117,
    [
      [
        0,
        1
      ],
      [
        0,
        2
      ],
      [
        0,
        5
      ],
      [
        0,
        6
      ],
      [
        1,
        3
      ],
      [
        1,
        5
      ],
      [
        1,
        6
      ],
      [
        2,
        4
      ],
      [
        2,
        6
      ],
      [
        3,
        5
      ]
    ]
  ],
  [
    118,
    [
      [
        0,
        1
      ],
      [
        0,
        2
      ],
      [
        0,
        3
      ],
      [
        0,
        4
      ],
      [
        0,
        6
      ],
      [
        1,
        3
      ],
      [
        1,
        4
      ],
      [
        3,
        5
      ],
      [
        4,
        5
      ],
      [
        5,
        6
      ]
    ]
  ],
  [
    119,
    [
      [
        0,
        2
      ],
      [
        0,
        5
      ],
      [
        1,
        2
      ],
      [
        1,
        4
      ],
      [
        2,
        3
      ],
      [
        2,
        4
      ],
      [
        2,
        6
      ],
      [
        4,
        5
      ],
      [
        4,
        6
      ]
    ]
  ],
  [
    120,
    [
      [
        0,
        1
      ],
      [
        0,
        3
      ],
      [
        1,
        2
      ],
      [
        1,
        3
      ],
      [
        1,
        6
      ],
      [
        2,
        4
      ],
      [
        2,
        5
      ],
      [
        4,
        5
      ],
      [
        4,
        6
      ]
    ]
  ],
  [
    121,
    [
      [
        0,
        6
      ],
      [
        1,
        3
      ],
      [
        2,
        3
      ],
      [
        2,
        4
      ],
      [
        2,
        5
      ],
      [
        2,
        6
      ],
      [
        3,
        6
      ],
      [
        4,
        5
      ],
      [
        4,
        6
      ],
      [
        5,
        6
      ]
    ]
  ],
  [
    122,
    [
      [
        0,
        1
      ],
      [
        0,
        2
      ],
      [
        1,
        4
      ],
      [
        1,
        5
      ],
      [
        2,
        3
      ],
      [
        2,
        5
      ],
      [
        3,
        5
      ],
      [
        3,
        6
      ],
      [
        4,
        5
      ]
    ]
  ],
  [
    123,
    [
      [
        0,
        6
      ],
      [
        1,
        2
      ],
      [
        1,
        3
      ],
      [
        1,
        5
      ],
      [
        2,
        3
      ],
      [
        2,
        5
      ],
      [
        2,
        6
      ],
      [
        3,
        4
      ],
      [
        3,
        5
      ],
      [
        3,
        6
      ],
      [
        5,
        6
      ]
    ]
  ],
  [
    124,
    [
      [
        0,
        5
      ],
      [
        0,
        6
      ],
      [
        1,
        2
      ],
      [
        1,
        4
      ],
      [
        1,
        5
      ],
      [
        2,
        3
      ],
      [
        2,
        6
      ],
      [
        3,
        5
      ],
      [
        4,
        5
      ],
      [
        5,
        6
      ]
    ]
  ],
  [
    125,
    [
      [
        0,
        1
      ],
      [
        0,
        5
      ],
      [
        1,
        2
      ],
      [
        1,
        3
      ],
      [
        2,
        4
      ],
      [
        2,
        6
      ],
      [
        3,
        6
      ],
      [
        4,
        5
      ],
      [
        4,
        6
      ]
    ]
  ],
  [
    126,
    [
      [
        0,
        3
      ],
      [
        0,
        5
      ],
      [
        1,
        2
      ],
      [
        1,
        3
      ],
      [
        1,
        5
      ],
      [
        3,
        4
      ],
      [
        3,
        5
      ],
      [
        3,
        6
      ],
      [
        4,
        5
      ],
      [
        5,
        6
      ]
    ]
  ],
  [
    127,
    [
      [
        0,
        3
      ],
      [
        0,
        5
      ],
      [
        0,
        6
      ],
      [
        1,
        6
      ],
      [
        2,
        3
      ],
      [
        2,
        6
      ],
      [
        3,
        4
      ],
      [
        3,
        5
      ],
      [
        3,
        6
      ],
      [
        5,
        6
      ]
    ]
  ],
  [
    128,
    [
      [
        0,
        2
      ],
      [
        0,
        4
      ],
      [
        0,
        5
      ],
      [
        1,
        3
      ],
      [
        2,
        4
      ],
      [
        2,
        5
      ],
      [
        3,
        5
      ],
      [
        3,
        6
      ],
      [
        4,
        5
      ]
    ]
  ],
  [
    129,
    [
      [
        0,
        1
      ],
      [
        0,
        2
      ],
      [
        1,
        2
      ],
      [
        2,
        3
      ],
      [
        2,
        4
      ],
      [
        2,
        5
      ],
      [
        2,
        6
      ],
      [
        3,
        5
      ],
      [
        3,
        6
      ],
      [
        4,
        5
      ],
      [
        5,
        6
      ]
    ]
  ],
  [
    130,
    [
      [
        0,
        3
      ],
      [
        0,
        4
      ],
      [
        1,
        2
      ],
      [
        1,
        4
      ],
      [
        1,
        5
      ],
      [
        1,
        6
      ],
      [
        2,
        5
      ],
      [
        3,
        4
      ],
      [
        4,
        5
      ]
    ]
  ],
  [
    131,
    [
      [
        0,
        1
      ],
      [
        0,
        5
      ],
      [
        1,
        3
      ],
      [
        1,
        5
      ],
      [
        1,
        6
      ],
      [
        2,
        3
      ],
      [
        2,
        6
      ],
      [
        3,
        5
      ],
      [
        4,
        5
      ]
    ]
  ],
  [
    132,
    [
      [
        0,
        1
      ],
      [
        0,
        4
      ],
      [
        0,
        5
      ],
      [
        1,
        2
      ],
      [
        1,
        3
      ],
      [
        1,
        6
      ],
      [
        2,
        4
      ],
      [
        2,
        5
      ],
      [
        3,
        6
      ],
      [
        4,
        6
      ]
    ]
  ],
  [
    133,
    [
      [
        0,
        1
      ],
      [
        0,
        3
      ],
      [
        0,
        6
      ],
      [
        1,
        4
      ],
      [
        1,
        6
      ],
      [
        2,
        3
      ],
      [
        2,
        4
      ],
      [
        2,
        6
      ],
      [
        3,
        6
      ],
      [
        5,
        6
      ]
    ]
  ],
  [
    134,
    [
      [
        0,
        3
      ],
      [
        0,
        4
      ],
      [
        0,
        6
      ],
      [
        1,
        2
      ],
      [
        1,
        3
      ],
      [
        2,
        3
      ],
      [
        2,
        4
      ],
      [
        2,
        5
      ],
      [
        2,
        6
      ],
      [
        3,
        4
      ],
      [
        3,
        5
      ]
    ]
  ],
  [
    135,
    [
      [
        0,
        4
      ],
      [
        0,
        5
      ],
      [
        1,
        3
      ],
      [
        1,
        4
      ],
      [
        1,
        5
      ],
      [
        2,
        4
      ],
      [
        3,
        4
      ],
      [
        3,
        6
      ],
      [
        4,
        5
      ],
      [
        5,
        6
      ]
    ]
  ],
  [
    136,
    [
      [
        0,
        4
      ],
      [
        0,
        5
      ],
      [
        0,
        6
      ],
      [
        1,
        2
      ],
      [
        1,
        3
      ],
      [
        1,
        4
      ],
      [
        2,
        5
      ],
      [
        3,
        5
      ],
      [
        4,
        5
      ],
      [
        4,
        6
      ]
    ]
  ],
  [
    137,
    [
      [
        0,
        2
      ],
      [
        0,
        3
      ],
      [
        0,
        6
      ],
      [
        1,
        3
      ],
      [
        1,
        5
      ],
      [
        2,
        3
      ],
      [
        3,
        4
      ],
      [
        3,
        5
      ],
      [
        3,
        6
      ],
      [
        4,
        5
      ]
    ]
  ],
  [
    138,
    [
      [
        0,
        2
      ],
      [
        0,
        3
      ],
      [
        1,
        2
      ],
      [
        1,
        3
      ],
      [
        1,
        6
      ],
      [
        2,
        4
      ],
      [
        2,
        5
      ],
      [
        3,
        4
      ],
      [
        4,
        5
      ],
      [
        4,
        6
      ]
    ]
  ],
  [
    139,
    [
      [
        0,
        1
      ],
      [
        0,
        2
      ],
      [
        0,
        4
      ],
      [
        1,
        5
      ],
      [
        1,
        6
      ],
      [
        3,
        4
      ],
      [
        3,
        6
      ],
      [
        4,
        5
      ],
      [
        4,
        6
      ]
    ]
  ],
  [
    140,
    [
      [
        0,
        4
      ],
      [
        0,
        5
      ],
      [
        1,
        4
      ],
      [
        1,
        6
      ],
      [
        2,
        4
      ],
      [
        3,
        4
      ],
      [
        3,
        5
      ],
      [
        4,
        6
      ],
      [
        5,
        6
      ]
    ]
  ],
  [
    141,
    [
      [
        0,
        1
      ],
      [
        0,
        2
      ],
      [
        0,
        4
      ],
      [
        0,
        5
      ],
      [
        1,
        5
      ],
      [
        2,
        4
      ],
      [
        2,
        5
      ],
      [
        2,
        6
      ],
      [
        3,
        4
      ],
      [
        4,
        5
      ],
      [
        4,
        6
      ]
    ]
  ],
  [
    142,
    [
      [
        0,
        1
      ],
      [
        0,
        3
      ],
      [
        0,
        5
      ],
      [
        0,
        6
      ],
      [
        1,
        3
      ],
      [
        2,
        4
      ],
      [
        2,
        5
      ],
      [
        3,
        6
      ],
      [
        4,
        5
      ]
    ]
  ],
  [
    143,
    [
      [
        0,
        3
      ],
      [
        0,
        6
      ],
      [
        1,
        3
      ],
      [
        1,
        6
      ],
      [
        2,
        3
      ],
      [
        2,
        6
      ],
      [
        3,
        4
      ],
      [
        3,
        5
      ],
      [
        5,
        6
      ]
    ]
  ],
  [
    144,
    [
      [
        0,
        2
      ],
      [
        0,
        3
      ],
      [
        0,
        4
      ],
      [
        1,
        3
      ],
      [
        1,
        5
      ],
      [
        1,
        6
      ],
      [
        3,
        5
      ],
      [
        4,
        6
      ],
      [
        5,
        6
      ]
    ]
  ],
  [
    145,
    [
      [
        0,
        1
      ],
      [
        0,
        3
      ],
      [
        1,
        2
      ],
      [
        1,
        4
      ],
      [
        1,
        6
      ],
      [
        2,
        3
      ],
      [
        3,
        5
      ],
      [
        4,
        6
      ],
      [
        5,
        6
      ]
    ]
  ],
  [
    146,
    [
      [
        0,
        1
      ],
      [
        0,
        3
      ],
      [
        0,
        5
      ],
      [
        0,
        6
      ],
      [
        1,
        2
      ],
      [
        1,
        5
      ],
      [
        2,
        6
      ],
      [
        3,
        4
      ],
      [
        3,
        5
      ],
      [
        5,
        6
      ]
    ]
  ],
  [
    147,
    [
      [
        0,
        4
      ],
      [
        0,
        5
      ],
      [
        0,
        6
      ],
      [
        1,
        2
      ],
      [
        2,
        3
      ],
      [
        2,
        4
      ],
      [
        2,
        5
      ],
      [
        2,
        6
      ],
      [
        3,
        4
      ],
      [
        4,
        6
      ],
      [
        5,
        6
      ]
    ]
  ],
  [
    148,
    [
      [
        0,
        1
      ],
      [
        0,
        3
      ],
      [
        0,
        4
      ],
      [
        0,
        5
      ],
      [
        1,
        6
      ],
      [
        2,
        6
      ],
      [
        3,
        4
      ],
      [
        3,
        5
      ],
      [
        4,
        6
      ],
      [
        5,
        6
      ]
    ]
  ],
  [
    149,
    [
      [
        0,
        1
      ],
      [
        0,
        5
      ],
      [
        1,
        3
      ],
      [
        1,
        4
      ],
      [
        1,
        5
      ],
      [
        1,
        6
      ],
      [
        2,
        3
      ],
      [
        2,
        6
      ],
      [
        3,
        6
      ],
      [
        4,
        5
      ]
    ]
  ],
  [
    150,
    [
      [
        0,
        3
      ],
      [
        0,
        4
      ],
      [
        0,
        5
      ],
      [
        1,
        2
      ],
      [
        1,
        3
      ],
      [
        2,
        4
      ],
      [
        2,
        6
      ],
      [
        3,
        5
      ],
      [
        5,
        6
      ]
    ]
  ],
  [
    151,
    [
      [
        0,
        1
      ],
      [
        0,
        3
      ],
      [
        0,
        5
      ],
      [
        0,
        6
      ],
      [
        1,
        2
      ],
      [
        1,
        6
      ],
      [
        2,
        4
      ],
      [
        2,
        5
      ],
      [
        2,
        6
      ],
      [
        3,
        5
      ],
      [
        3,
        6
      ]
    ]
  ],
  [
    152,
    [
      [
        0,
        1
      ],
      [
        0,
        2
      ],
      [
        0,
        3
      ],
      [
        0,
        6
      ],
      [
        2,
        3
      ],
      [
        2,
        4
      ],
      [
        2,
        5
      ],
      [
        3,
        4
      ],
      [
        3,
        5
      ],
      [
        4,
        5
      ]
    ]
  ],
  [
    153,
    [
      [
        0,
        2
      ],
      [
        0,
        4
      ],
      [
        1,
        2
      ],
      [
        1,
        4
      ],
      [
        1,
        6
      ],
      [
        2,
        4
      ],
      [
        2,
        6
      ],
      [
        3,
        4
      ],
      [
        3,
        5
      ],
      [
        4,
        5
      ]
    ]
  ],
  [
    154,
    [
      [
        0,
        1
      ],
      [
        0,
        3
      ],
      [
        1,
        2
      ],
      [
        1,
        3
      ],
      [
        1,
        5
      ],
      [
        2,
        3
      ],
      [
        2,
        5
      ],
      [
        3,
        4
      ],
      [
        4,
        6
      ]
    ]
  ],
  [
    155,
    [
      [
        0,
        1
      ],
      [
        0,
        2
      ],
      [
        0,
        3
      ],
      [
        0,
        4
      ],
      [
        0,
        5
      ],
      [
        1,
        3
      ],
      [
        2,
        3
      ],
      [
        2,
        4
      ],
      [
        2,
        6
      ],
      [
        5,
        6
      ]
    ]
  ],
  [
    156,
    [
      [
        0,
        1
      ],
      [
        0,
        3
      ],
      [
        0,
        4
      ],
      [
        0,
        6
      ],
      [
        1,
        3
      ],
      [
        1,
        5
      ],
      [
        2,
        4
      ],
      [
        2,
        5
      ],
      [
        3,
        4
      ]
    ]
  ],
  [
    157,
    [
      [
        0,
        1
      ],
      [
        0,
        2
      ],
      [
        0,
        4
      ],
      [
        0,
        5
      ],
      [
        1,
        4
      ],
      [
        2,
        4
      ],
      [
        3,
        4
      ],
      [
        3,
        5
      ],
      [
        3,
        6
      ],
      [
        5,
        6
      ]
    ]
  ],
  [
    158,
    [
      [
        0,
        3
      ],
      [
        0,
        4
      ],
      [
        1,
        6
      ],
      [
        2,
        3
      ],
      [
        2,
        4
      ],
      [
        2,
        5
      ],
      [
        2,
        6
      ],
      [
        3,
        4
      ],
      [
        3,
        6
      ],
      [
        5,
        6
      ]
    ]
  ],
  [
    159,
    [
      [
        0,
        3
      ],
      [
        1,
        3
      ],
      [
        1,
        5
      ],
      [
        1,
        6
      ],
      [
        2,
        3
      ],
      [
        2,
        4
      ],
      [
        3,
        5
      ],
      [
        3,
        6
      ],
      [
        4,
        5
      ],
      [
        4,
        6
      ],
      [
        5,
        6
      ]
    ]
  ],
  [
    160,
    [
      [
        0,
        3
      ],
      [
        0,
        5
      ],
      [
        1,
        2
      ],
      [
        1,
        4
      ],
      [
        1,
        5
      ],
      [
        2,
        4
      ],
      [
        3,
        4
      ],
      [
        3,
        6
      ],
      [
        4,
        6
      ]
    ]
  ],
  [
    161,
    [
      [
        0,
        1
      ],
      [
        0,
        5
      ],
      [
        1,
        3
      ],
      [
        1,
        5
      ],
      [
        1,
        6
      ],
      [
        2,
        4
      ],
      [
        2,
        5
      ],
      [
        3,
        5
      ],
      [
        4,
        5
      ]
    ]
  ],
  [
    162,
    [
      [
        0,
        3
      ],
      [
        0,
        4
      ],
      [
        1,
        3
      ],
      [
        1,
        4
      ],
      [
        1,
        6
      ],
      [
        2,
        4
      ],
      [
        2,
        6
      ],
      [
        3,
        6
      ],
      [
        5,
        6
      ]
    ]
  ],
  [
    163,
    [
      [
        0,
        1
      ],
      [
        0,
        2
      ],
      [
        0,
        3
      ],
      [
        0,
        4
      ],
      [
        0,
        5
      ],
      [
        0,
        6
      ],
      [
        1,
        2
      ],
      [
        1,
        3
      ],
      [
        1,
        4
      ],
      [
        1,
        5
      ]
    ]
  ],
  [
    164,
    [
      [
        0,
        2
      ],
      [
        0,
        4
      ],
      [
        0,
        5
      ],
      [
        1,
        5
      ],
      [
        1,
        6
      ],
      [
        2,
        4
      ],
      [
        2,
        6
      ],
      [
        3,
        5
      ],
      [
        4,
        5
      ]
    ]
  ],
  [
    165,
    [
      [
        0,
        4
      ],
      [
        0,
        5
      ],
      [
        0,
        6
      ],
      [
        1,
        2
      ],
      [
        1,
        6
      ],
      [
        2,
        3
      ],
      [
        2,
        4
      ],
      [
        2,
        6
      ],
      [
        4,
        5
      ],
      [
        4,
        6
      ],
      [
        5,
        6
      ]
    ]
  ],
  [
    166,
    [
      [
        0,
        2
      ],
      [
        0,
        4
      ],
      [
        0,
        5
      ],
      [
        1,
        3
      ],
      [
        1,
        5
      ],
      [
        2,
        4
      ],
      [
        2,
        5
      ],
      [
        2,
        6
      ],
      [
        3,
        6
      ],
      [
        4,
        6
      ]
    ]
  ],
  [
    167,
    [
      [
        0,
        1
      ],
      [
        0,
        2
      ],
      [
        0,
        3
      ],
      [
        1,
        2
      ],
      [
        1,
        3
      ],
      [
        1,
        4
      ],
      [
        1,
        5
      ],
      [
        1,
        6
      ],
      [
        2,
        6
      ],
      [
        3,
        6
      ]
    ]
  ],
  [
    168,
    [
      [
        0,
        1
      ],
      [
        0,
        2
      ],
      [
        0,
        3
      ],
      [
        0,
        4
      ],
      [
        0,
        5
      ],
      [
        1,
        2
      ],
      [
        1,
        5
      ],
      [
        2,
        3
      ],
      [
        3,
        5
      ],
      [
        3,
        6
      ]
    ]
  ],
  [
    169,
    [
      [
        0,
        4
      ],
      [
        0,
        5
      ],
      [
        0,
        6
      ],
      [
        1,
        6
      ],
      [
        2,
        3
      ],
      [
        2,
        5
      ],
      [
        3,
        6
      ],
      [
        4,
        5
      ],
      [
        4,
        6
      ],
      [
        5,
        6
      ]
    ]
  ],
  [
    170,
    [
      [
        0,
        3
      ],
      [
        0,
        4
      ],
      [
        1,
        2
      ],
      [
        1,
        4
      ],
      [
        1,
        5
      ],
      [
        2,
        6
      ],
      [
        3,
        5
      ],
      [
        4,
        5
      ],
      [
        4,
        6
      ],
      [
        5,
        6
      ]
    ]
  ],
  [
    171,
    [
      [
        0,
        5
      ],
      [
        0,
        6
      ],
      [
        1,
        3
      ],
      [
        2,
        3
      ],
      [
        2,
        4
      ],
      [
        2,
        5
      ],
      [
        3,
        5
      ],
      [
        3,
        6
      ],
      [
        4,
        6
      ]
    ]
  ],
  [
    172,
    [
      [
        0,
        2
      ],
      [
        0,
        3
      ],
      [
        0,
        5
      ],
      [
        0,
        6
      ],
      [
        1,
        4
      ],
      [
        1,
        5
      ],
      [
        1,
        6
      ],
      [
        2,
        3
      ],
      [
        4,
        5
      ],
      [
        4,
        6
      ]
    ]
  ],
  [
    173,
    [
      [
        0,
        3
      ],
      [
        0,
        4
      ],
      [
        0,
        6
      ],
      [
        1,
        2
      ],
      [
        1,
        3
      ],
      [
        2,
        3
      ],
      [
        3,
        4
      ],
      [
        3,
        5
      ],
      [
        4,
        6
      ],
      [
        5,
        6
      ]
    ]
  ],
  [
    174,
    [
      [
        0,
        1
      ],
      [
        0,
        4
      ],
      [
        0,
        5
      ],
      [
        0,
        6
      ],
      [
        1,
        3
      ],
      [
        1,
        6
      ],
      [
        2,
        5
      ],
      [
        3,
        5
      ],
      [
        4,
        6
      ],
      [
        5,
        6
      ]
    ]
  ],
  [
    175,
    [
      [
        0,
        3
      ],
      [
        0,
        5
      ],
      [
        1,
        5
      ],
      [
        1,
        6
      ],
      [
        2,
        4
      ],
      [
        3,
        6
      ],
      [
        4,
        5
      ],
      [
        4,
        6
      ],
      [
        5,
        6
      ]
    ]
  ],
  [
    176,
    [
      [
        0,
        1
      ],
      [
        0,
        3
      ],
      [
        1,
        2
      ],
      [
        1,
        3
      ],
      [
        2,
        4
      ],
      [
        2,
        6
      ],
      [
        3,
        5
      ],
      [
        4,
        5
      ],
      [
        4,
        6
      ],
      [
        5,
        6
      ]
    ]
  ],
  [
    177,
    [
      [
        0,
        1
      ],
      [
        0,
        3
      ],
      [
        0,
        4
      ],
      [
        0,
        6
      ],
      [
        1,
        3
      ],
      [
        1,
        5
      ],
      [
        2,
        4
      ],
      [
        3,
        5
      ],
      [
        3,
        6
      ],
      [
        5,
        6
      ]
    ]
  ],
  [
    178,
    [
      [
        0,
        1
      ],
      [
        0,
        4
      ],
      [
        0,
        6
      ],
      [
        1,
        4
      ],
      [
        1,
        6
      ],
      [
        2,
        5
      ],
      [
        3,
        5
      ],
      [
        3,
        6
      ],
      [
        4,
        6
      ],
      [
        5,
        6
      ]
    ]
  ],
  [
    179,
    [
      [
        0,
        1
      ],
      [
        0,
        4
      ],
      [
        1,
        4
      ],
      [
        1,
        6
      ],
      [
        2,
        3
      ],
      [
        2,
        5
      ],
      [
        3,
        4
      ],
      [
        3,
        5
      ],
      [
        3,
        6
      ],
      [
        4,
        6
      ]
    ]
  ],
  [
    180,
    [
      [
        0,
        1
      ],
      [
        0,
        2
      ],
      [
        1,
        2
      ],
      [
        1,
        4
      ],
      [
        1,
        5
      ],
      [
        2,
        4
      ],
      [
        2,
        5
      ],
      [
        2,
        6
      ],
      [
        3,
        5
      ],
      [
        4,
        6
      ],
      [
        5,
        6
      ]
    ]
  ],
  [
    181,
    [
      [
        0,
        2
      ],
      [
        0,
        3
      ],
      [
        0,
        4
      ],
      [
        0,
        5
      ],
      [
        1,
        4
      ],
      [
        1,
        5
      ],
      [
        1,
        6
      ],
      [
        2,
        3
      ],
      [
        2,
        4
      ],
      [
        3,
        5
      ],
      [
        4,
        5
      ]
    ]
  ],
  [
    182,
    [
      [
        0,
        3
      ],
      [
        1,
        2
      ],
      [
        1,
        3
      ],
      [
        1,
        4
      ],
      [
        1,
        6
      ],
      [
        2,
        3
      ],
      [
        2,
        4
      ],
      [
        3,
        4
      ],
      [
        4,
        5
      ],
      [
        5,
        6
      ]
    ]
  ],
  [
    183,
    [
      [
        0,
        2
      ],
      [
        0,
        3
      ],
      [
        0,
        4
      ],
      [
        1,
        4
      ],
      [
        1,
        5
      ],
      [
        1,
        6
      ],
      [
        2,
        4
      ],
      [
        2,
        6
      ],
      [
        3,
        4
      ],
      [
        3,
        6
      ],
      [
        4,
        6
      ]
    ]
  ],
  [
    184,
    [
      [
        0,
        1
      ],
      [
        0,
        5
      ],
      [
        0,
        6
      ],
      [
        1,
        3
      ],
      [
        2,
        4
      ],
      [
        2,
        5
      ],
      [
        2,
        6
      ],
      [
        4,
        5
      ],
      [
        4,
        6
      ]
    ]
  ],
  [
    185,
    [
      [
        0,
        1
      ],
      [
        0,
        3
      ],
      [
        0,
        4
      ],
      [
        0,
        5
      ],
      [
        1,
        2
      ],
      [
        1,
        3
      ],
      [
        1,
        5
      ],
      [
        1,
        6
      ],
      [
        3,
        6
      ],
      [
        4,
        5
      ],
      [
        4,
        6
      ]
    ]
  ],
  [
    186,
    [
      [
        0,
        4
      ],
      [
        1,
        2
      ],
      [
        1,
        5
      ],
      [
        2,
        3
      ],
      [
        2,
        4
      ],
      [
        2,
        6
      ],
      [
        3,
        6
      ],
      [
        4,
        5
      ],
      [
        4,
        6
      ]
    ]
  ],
  [
    187,
    [
      [
        0,
        1
      ],
      [
        0,
        4
      ],
      [
        0,
        5
      ],
      [
        0,
        6
      ],
      [
        1,
        2
      ],
      [
        2,
        3
      ],
      [
        2,
        6
      ],
      [
        3,
        5
      ],
      [
        3,
        6
      ],
      [
        4,
        6
      ]
    ]
  ],
  [
    188,
    [
      [
        0,
        1
      ],
      [
        0,
        5
      ],
      [
        1,
        2
      ],
      [
        1,
        3
      ],
      [
        1,
        4
      ],
      [
        1,
        5
      ],
      [
        1,
        6
      ],
      [
        2,
        4
      ],
      [
        2,
        5
      ],
      [
        2,
        6
      ],
      [
        3,
        6
      ]
    ]
  ],
  [
    189,
    [
      [
        0,
        2
      ],
      [
        0,
        3
      ],
      [
        0,
        5
      ],
      [
        1,
        4
      ],
      [
        1,
        5
      ],
      [
        2,
        3
      ],
      [
        2,
        6
      ],
      [
        3,
        5
      ],
      [
        4,
        5
      ]
    ]
  ],
  [
    190,
    [
      [
        0,
        3
      ],
      [
        0,
        5
      ],
      [
        1,
        2
      ],
      [
        1,
        4
      ],
      [
        1,
        5
      ],
      [
        2,
        3
      ],
      [
        2,
        6
      ],
      [
        3,
        4
      ],
      [
        4,
        5
      ],
      [
        5,
        6
      ]
    ]
  ],
  [
    191,
    [
      [
        0,
        1
      ],
      [
        0,
        3
      ],
      [
        0,
        4
      ],
      [
        1,
        3
      ],
      [
        2,
        4
      ],
      [
        2,
        5
      ],
      [
        3,
        4
      ],
      [
        4,
        6
      ],
      [
        5,
        6
      ]
    ]
  ],
  [
    192,
    [
      [
        0,
        1
      ],
      [
        0,
        2
      ],
      [
        0,
        5
      ],
      [
        1,
        2
      ],
      [
        1,
        3
      ],
      [
        1,
        4
      ],
      [
        1,
        5
      ],
      [
        3,
        4
      ],
      [
        3,
        5
      ],
      [
        4,
        6
      ]
    ]
  ],
  [
    193,
    [
      [
        0,
        1
      ],
      [
        0,
        2
      ],
      [
        0,
        4
      ],
      [
        0,
        5
      ],
      [
        1,
        2
      ],
      [
        1,
        3
      ],
      [
        2,
        4
      ],
      [
        2,
        5
      ],
      [
        2,
        6
      ],
      [
        3,
        4
      ],
      [
        3,
        5
      ]
    ]
  ],
  [
    194,
    [
      [
        0,
        2
      ],
      [
        0,
        3
      ],
      [
        0,
        5
      ],
      [
        0,
        6
      ],
      [
        1,
        2
      ],
      [
        1,
        6
      ],
      [
        3,
        5
      ],
      [
        4,
        5
      ],
      [
        4,
        6
      ],
      [
        5,
        6
      ]
    ]
  ],
  [
    195,
    [
      [
        0,
        1
      ],
      [
        0,
        2
      ],
      [
        0,
        3
      ],
      [
        0,
        6
      ],
      [
        1,
        3
      ],
      [
        1,
        5
      ],
      [
        1,
        6
      ],
      [
        2,
        4
      ],
      [
        2,
        5
      ],
      [
        2,
        6
      ],
      [
        5,
        6
      ]
    ]
  ],
  [
    196,
    [
      [
        0,
        1
      ],
      [
        0,
        2
      ],
      [
        0,
        5
      ],
      [
        0,
        6
      ],
      [
        1,
        5
      ],
      [
        2,
        5
      ],
      [
        3,
        5
      ],
      [
        3,
        6
      ],
      [
        4,
        5
      ],
      [
        4,
        6
      ]
    ]
  ],
  [
    197,
    [
      [
        0,
        2
      ],
      [
        0,
        4
      ],
      [
        1,
        3
      ],
      [
        2,
        4
      ],
      [
        2,
        5
      ],
      [
        3,
        4
      ],
      [
        4,
        5
      ],
      [
        4,
        6
      ],
      [
        5,
        6
      ]
    ]
  ],
  [
    198,
    [
      [
        0,
        2
      ],
      [
        0,
        5
      ],
      [
        0,
        6
      ],
      [
        1,
        3
      ],
      [
        1,
        4
      ],
      [
        1,
        5
      ],
      [
        1,
        6
      ],
      [
        2,
        5
      ],
      [
        3,
        5
      ]
    ]
  ],
  [
    199,
    [
      [
        0,
        2
      ],
      [
        0,
        5
      ],
      [
        1,
        3
      ],
      [
        2,
        3
      ],
      [
        2,
        4
      ],
      [
        3,
        4
      ],
      [
        3,
        5
      ],
      [
        3,
        6
      ],
      [
        5,
        6
      ]
    ]
  ],
  [
    200,
    [
      [
        0,
        3
      ],
      [
        0,
        4
      ],
      [
        1,
        2
      ],
      [
        1,
        5
      ],
      [
        1,
        6
      ],
      [
        2,
        4
      ],
      [
        2,
        6
      ],
      [
        3,
        4
      ],
      [
        5,
        6
      ]
    ]
  ],
  [
    201,
    [
      [
        0,
        2
      ],
      [
        0,
        6
      ],
      [
        1,
        4
      ],
      [
        1,
        5
      ],
      [
        3,
        4
      ],
      [
        3,
        5
      ],
      [
        4,
        5
      ],
      [
        4,
        6
      ],
      [
        5,
        6
      ]
    ]
  ],
  [
    202,
    [
      [
        0,
        4
      ],
      [
        0,
        5
      ],
      [
        0,
        6
      ],
      [
        1,
        2
      ],
      [
        1,
        3
      ],
      [
        1,
        4
      ],
      [
        2,
        5
      ],
      [
        3,
        4
      ],
      [
        3,
        6
      ],
      [
        4,
        5
      ]
    ]
  ],
  [
    203,
    [
      [
        0,
        2
      ],
      [
        0,
        3
      ],
      [
        0,
        4
      ],
      [
        0,
        6
      ],
      [
        1,
        3
      ],
      [
        1,
        4
      ],
      [
        1,
        5
      ],
      [
        2,
        6
      ],
      [
        4,
        5
      ],
      [
        5,
        6
      ]
    ]
  ],
  [
    204,
    [
      [
        0,
        2
      ],
      [
        0,
        4
      ],
      [
        1,
        3
      ],
      [
        1,
        6
      ],
      [
        2,
        4
      ],
      [
        2,
        5
      ],
      [
        2,
        6
      ],
      [
        3,
        4
      ],
      [
        3,
        6
      ],
      [
        5,
        6
      ]
    ]
  ],
  [
    205,
    [
      [
        0,
        4
      ],
      [
        0,
        5
      ],
      [
        0,
        6
      ],
      [
        1,
        6
      ],
      [
        2,
        3
      ],
      [
        2,
        6
      ],
      [
        3,
        6
      ],
      [
        4,
        5
      ],
      [
        5,
        6
      ]
    ]
  ],
  [
    206,
    [
      [
        0,
        1
      ],
      [
        0,
        2
      ],
      [
        0,
        4
      ],
      [
        0,
        5
      ],
      [
        1,
        6
      ],
      [
        2,
        3
      ],
      [
        2,
        6
      ],
      [
        3,
        5
      ],
      [
        3,
        6
      ],
      [
        4,
        6
      ]
    ]
  ],
  [
    207,
    [
      [
        0,
        1
      ],
      [
        0,
        3
      ],
      [
        0,
        5
      ],
      [
        1,
        4
      ],
      [
        1,
        5
      ],
      [
        2,
        4
      ],
      [
        3,
        4
      ],
      [
        3,
        6
      ],
      [
        4,
        5
      ],
      [
        5,
        6
      ]
    ]
  ],
  [
    208,
    [
      [
        0,
        3
      ],
      [
        0,
        4
      ],
      [
        1,
        2
      ],
      [
        1,
        3
      ],
      [
        1,
        5
      ],
      [
        1,
        6
      ],
      [
        2,
        4
      ],
      [
        3,
        4
      ],
      [
        3,
        5
      ],
      [
        3,
        6
      ]
    ]
  ],
  [
    209,
    [
      [
        0,
        4
      ],
      [
        1,
        2
      ],
      [
        1,
        3
      ],
      [
        1,
        4
      ],
      [
        1,
        6
      ],
      [
        2,
        3
      ],
      [
        3,
        5
      ],
      [
        3,
        6
      ],
      [
        4,
        5
      ]
    ]
  ],
  [
    210,
    [
      [
        0,
        1
      ],
      [
        0,
        2
      ],
      [
        0,
        3
      ],
      [
        0,
        4
      ],
      [
        1,
        4
      ],
      [
        1,
        6
      ],
      [
        2,
        3
      ],
      [
        2,
        4
      ],
      [
        2,
        5
      ],
      [
        3,
        4
      ],
      [
        3,
        6
      ]
    ]
  ],
  [
    211,
    [
      [
        0,
        3
      ],
      [
        0,
        5
      ],
      [
        1,
        2
      ],
      [
        1,
        6
      ],
      [
        2,
        4
      ],
      [
        3,
        4
      ],
      [
        3,
        5
      ],
      [
        3,
        6
      ],
      [
        4,
        6
      ]
    ]
  ],
  [
    212,
    [
      [
        0,
        1
      ],
      [
        0,
        2
      ],
      [
        2,
        3
      ],
      [
        3,
        4
      ],
      [
        3,
        5
      ],
      [
        3,
        6
      ],
      [
        4,
        5
      ],
      [
        4,
        6
      ],
      [
        5,
        6
      ]
    ]
  ],
  [
    213,
    [
      [
        0,
        1
      ],
      [
        0,
        3
      ],
      [
        0,
        6
      ],
      [
        1,
        2
      ],
      [
        1,
        6
      ],
      [
        2,
        3
      ],
      [
        2,
        5
      ],
      [
        3,
        5
      ],
      [
        3,
        6
      ],
      [
        4,
        5
      ]
    ]
  ],
  [
    214,
    [
      [
        0,
        1
      ],
      [
        0,
        3
      ],
      [
        0,
        5
      ],
      [
        0,
        6
      ],
      [
        1,
        2
      ],
      [
        1,
        3
      ],
      [
        1,
        6
      ],
      [
        2,
        4
      ],
      [
        2,
        5
      ],
      [
        2,
        6
      ]
    ]
  ],
  [
    215,
    [
      [
        0,
        1
      ],
      [
        0,
        2
      ],
      [
        0,
        3
      ],
      [
        0,
        5
      ],
      [
        0,
        6
      ],
      [
        1,
        6
      ],
      [
        2,
        3
      ],
      [
        2,
        4
      ],
      [
        2,
        5
      ],
      [
        3,
        5
      ]
    ]
  ],
  [
    216,
    [
      [
        0,
        1
      ],
      [
        0,
        6
      ],
      [
        1,
        2
      ],
      [
        1,
        4
      ],
      [
        1,
        6
      ],
      [
        2,
        5
      ],
      [
        2,
        6
      ],
      [
        3,
        5
      ],
      [
        4,
        5
      ]
    ]
  ],
  [
    217,
    [
      [
        0,
        3
      ],
      [
        0,
        5
      ],
      [
        1,
        2
      ],
      [
        1,
        3
      ],
      [
        1,
        5
      ],
      [
        1,
        6
      ],
      [
        2,
        5
      ],
      [
        2,
        6
      ],
      [
        3,
        6
      ],
      [
        4,
        5
      ]
    ]
  ],
  [
    218,
    [
      [
        0,
        1
      ],
      [
        0,
        4
      ],
      [
        0,
        6
      ],
      [
        2,
        4
      ],
      [
        2,
        5
      ],
      [
        2,
        6
      ],
      [
        3,
        4
      ],
      [
        3,
        5
      ],
      [
        5,
        6
      ]
    ]
  ],
  [
    219,
    [
      [
        0,
        3
      ],
      [
        0,
        4
      ],
      [
        0,
        6
      ],
      [
        1,
        4
      ],
      [
        1,
        6
      ],
      [
        2,
        4
      ],
      [
        2,
        5
      ],
      [
        3,
        4
      ],
      [
        3,
        6
      ],
      [
        4,
        6
      ],
      [
        5,
        6
      ]
    ]
  ],
  [
    220,
    [
      [
        0,
        2
      ],
      [
        0,
        4
      ],
      [
        0,
        6
      ],
      [
        1,
        2
      ],
      [
        1,
        5
      ],
      [
        1,
        6
      ],
      [
        2,
        3
      ],
      [
        2,
        4
      ],
      [
        2,
        6
      ],
      [
        3,
        6
      ],
      [
        4,
        6
      ]
    ]
  ],
  [
    221,
    [
      [
        0,
        1
      ],
      [
        0,
        5
      ],
      [
        0,
        6
      ],
      [
        1,
        5
      ],
      [
        1,
        6
      ],
      [
        2,
        3
      ],
      [
        2,
        4
      ],
      [
        3,
        5
      ],
      [
        4,
        5
      ],
      [
        5,
        6
      ]
    ]
  ],
  [
    222,
    [
      [
        0,
        1
      ],
      [
        0,
        6
      ],
      [
        1,
        4
      ],
      [
        1,
        5
      ],
      [
        1,
        6
      ],
      [
        2,
        4
      ],
      [
        3,
        4
      ],
      [
        3,
        5
      ],
      [
        5,
        6
      ]
    ]
  ],
  [
    223,
    [
      [
        0,
        1
      ],
      [
        0,
        3
      ],
      [
        0,
        5
      ],
      [
        1,
        2
      ],
      [
        1,
        5
      ],
      [
        2,
        4
      ],
      [
        2,
        6
      ],
      [
        3,
        6
      ],
      [
        4,
        6
      ]
    ]
  ],
  [
    224,
    [
      [
        0,
        1
      ],
      [
        0,
        3
      ],
      [
        0,
        5
      ],
      [
        1,
        5
      ],
      [
        1,
        6
      ],
      [
        2,
        4
      ],
      [
        2,
        6
      ],
      [
        3,
        4
      ],
      [
        3,
        6
      ],
      [
        5,
        6
      ]
    ]
  ],
  [
    225,
    [
      [
        0,
        1
      ],
      [
        0,
        2
      ],
      [
        1,
        2
      ],
      [
        1,
        3
      ],
      [
        1,
        4
      ],
      [
        1,
        5
      ],
      [
        1,
        6
      ],
      [
        2,
        4
      ],
      [
        2,
        5
      ],
      [
        2,
        6
      ],
      [
        3,
        5
      ]
    ]
  ],
  [
    226,
    [
      [
        0,
        2
      ],
      [
        0,
        4
      ],
      [
        0,
        6
      ],
      [
        1,
        2
      ],
      [
        1,
        5
      ],
      [
        2,
        3
      ],
      [
        3,
        6
      ],
      [
        4,
        5
      ],
      [
        5,
        6
      ]
    ]
  ],
  [
    227,
    [
      [
        0,
        1
      ],
      [
        0,
        3
      ],
      [
        1,
        2
      ],
      [
        1,
        4
      ],
      [
        1,
        5
      ],
      [
        1,
        6
      ],
      [
        2,
        3
      ],
      [
        2,
        4
      ],
      [
        4,
        5
      ],
      [
        4,
        6
      ]
    ]
  ],
  [
    228,
    [
      [
        0,
        1
      ],
      [
        0,
        5
      ],
      [
        0,
        6
      ],
      [
        1,
        2
      ],
      [
        1,
        3
      ],
      [
        1,
        6
      ],
      [
        2,
        5
      ],
      [
        2,
        6
      ],
      [
        4,
        5
      ],
      [
        4,
        6
      ]
    ]
  ],
  [
    229,
    [
      [
        0,
        2
      ],
      [
        0,
        3
      ],
      [
        1,
        2
      ],
      [
        1,
        3
      ],
      [
        1,
        5
      ],
      [
        1,
        6
      ],
      [
        2,
        3
      ],
      [
        2,
        4
      ],
      [
        3,
        4
      ],
      [
        3,
        5
      ]
    ]
  ],
  [
    230,
    [
      [
        0,
        1
      ],
      [
        0,
        2
      ],
      [
        0,
        4
      ],
      [
        1,
        2
      ],
      [
        1,
        3
      ],
      [
        1,
        6
      ],
      [
        2,
        5
      ],
      [
        2,
        6
      ],
      [
        3,
        5
      ],
      [
        5,
        6
      ]
    ]
  ],
  [
    231,
    [
      [
        0,
        4
      ],
      [
        0,
        5
      ],
      [
        0,
        6
      ],
      [
        1,
        2
      ],
      [
        1,
        4
      ],
      [
        1,
        5
      ],
      [
        2,
        4
      ],
      [
        3,
        4
      ],
      [
        4,
        5
      ],
      [
        4,
        6
      ],
      [
        5,
        6
      ]
    ]
  ],
  [
    232,
    [
      [
        0,
        4
      ],
      [
        0,
        5
      ],
      [
        0,
        6
      ],
      [
        1,
        4
      ],
      [
        2,
        4
      ],
      [
        2,
        5
      ],
      [
        2,
        6
      ],
      [
        3,
        4
      ],
      [
        5,
        6
      ]
    ]
  ],
  [
    233,
    [
      [
        0,
        3
      ],
      [
        0,
        5
      ],
      [
        0,
        6
      ],
      [
        1,
        2
      ],
      [
        1,
        3
      ],
      [
        1,
        4
      ],
      [
        1,
        5
      ],
      [
        1,
        6
      ],
      [
        2,
        4
      ],
      [
        2,
        6
      ]
    ]
  ],
  [
    234,
    [
      [
        0,
        1
      ],
      [
        0,
        3
      ],
      [
        0,
        6
      ],
      [
        1,
        2
      ],
      [
        1,
        4
      ],
      [
        1,
        5
      ],
      [
        1,
        6
      ],
      [
        2,
        4
      ],
      [
        4,
        5
      ]
    ]
  ],
  [
    235,
    [
      [
        0,
        1
      ],
      [
        0,
        3
      ],
      [
        0,
        4
      ],
      [
        0,
        5
      ],
      [
        1,
        2
      ],
      [
        1,
        3
      ],
      [
        1,
        4
      ],
      [
        1,
        6
      ],
      [
        2,
        3
      ],
      [
        3,
        4
      ],
      [
        4,
        6
      ]
    ]
  ],
  [
    236,
    [
      [
        0,
        1
      ],
      [
        0,
        2
      ],
      [
        0,
        3
      ],
      [
        0,
        5
      ],
      [
        1,
        6
      ],
      [
        2,
        4
      ],
      [
        2,
        6
      ],
      [
        3,
        6
      ],
      [
        4,
        5
      ],
      [
        5,
        6
      ]
    ]
  ],
  [
    237,
    [
      [
        0,
        3
      ],
      [
        0,
        5
      ],
      [
        0,
        6
      ],
      [
        1,
        3
      ],
      [
        1,
        5
      ],
      [
        2,
        3
      ],
      [
        3,
        4
      ],
      [
        3,
        5
      ],
      [
        3,
        6
      ],
      [
        4,
        5
      ],
      [
        4,
        6
      ]
    ]
  ],
  [
    238,
    [
      [
        0,
        1
      ],
      [
        0,
        3
      ],
      [
        0,
        4
      ],
      [
        0,
        5
      ],
      [
        0,
        6
      ],
      [
        2,
        5
      ],
      [
        2,
        6
      ],
      [
        3,
        4
      ],
      [
        4,
        5
      ]
    ]
  ],
  [
    239,
    [
      [
        0,
        5
      ],
      [
        0,
        6
      ],
      [
        1,
        4
      ],
      [
        1,
        5
      ],
      [
        2,
        4
      ],
      [
        2,
        6
      ],
      [
        3,
        4
      ],
      [
        4,
        5
      ],
      [
        4,
        6
      ],
      [
        5,
        6
      ]
    ]
  ],
  [
    240,
    [
      [
        0,
        3
      ],
      [
        0,
        5
      ],
      [
        0,
        6
      ],
      [
        1,
        4
      ],
      [
        2,
        3
      ],
      [
        2,
        4
      ],
      [
        2,
        6
      ],
      [
        3,
        5
      ],
      [
        3,
        6
      ],
      [
        4,
        5
      ],
      [
        5,
        6
      ]
    ]
  ],
  [
    241,
    [
      [
        0,
        1
      ],
      [
        0,
        2
      ],
      [
        1,
        2
      ],
      [
        1,
        4
      ],
      [
        1,
        5
      ],
      [
        2,
        3
      ],
      [
        2,
        6
      ],
      [
        3,
        5
      ],
      [
        4,
        6
      ]
    ]
  ],
  [
    242,
    [
      [
        0,
        2
      ],
      [
        0,
        4
      ],
      [
        0,
        5
      ],
      [
        1,
        2
      ],
      [
        1,
        5
      ],
      [
        2,
        3
      ],
      [
        2,
        4
      ],
      [
        3,
        4
      ],
      [
        3,
        5
      ],
      [
        4,
        5
      ],
      [
        4,
        6
      ]
    ]
  ],
  [
    243,
    [
      [
        0,
        1
      ],
      [
        0,
        2
      ],
      [
        0,
        3
      ],
      [
        0,
        6
      ],
      [
        1,
        3
      ],
      [
        2,
        4
      ],
      [
        2,
        5
      ],
      [
        2,
        6
      ],
      [
        4,
        5
      ]
    ]
  ],
  [
    244,
    [
      [
        0,
        1
      ],
      [
        0,
        2
      ],
      [
        0,
        5
      ],
      [
        1,
        2
      ],
      [
        3,
        4
      ],
      [
        3,
        5
      ],
      [
        3,
        6
      ],
      [
        4,
        5
      ],
      [
        4,
        6
      ],
      [
        5,
        6
      ]
    ]
  ],
  [
    245,
    [
      [
        0,
        2
      ],
      [
        0,
        4
      ],
      [
        0,
        5
      ],
      [
        0,
        6
      ],
      [
        1,
        3
      ],
      [
        1,
        6
      ],
      [
        2,
        5
      ],
      [
        3,
        5
      ],
      [
        4,
        5
      ],
      [
        4,
        6
      ]
    ]
  ],
  [
    246,
    [
      [
        0,
        6
      ],
      [
        1,
        3
      ],
      [
        1,
        4
      ],
      [
        1,
        6
      ],
      [
        2,
        3
      ],
      [
        2,
        5
      ],
      [
        2,
        6
      ],
      [
        3,
        4
      ],
      [
        3,
        5
      ],
      [
        4,
        5
      ]
    ]
  ],
  [
    247,
    [
      [
        0,
        3
      ],
      [
        1,
        2
      ],
      [
        1,
        4
      ],
      [
        1,
        5
      ],
      [
        1,
        6
      ],
      [
        2,
        3
      ],
      [
        2,
        4
      ],
      [
        2,
        6
      ],
      [
        3,
        5
      ],
      [
        5,
        6
      ]
    ]
  ],
  [
    248,
    [
      [
        0,
        1
      ],
      [
        0,
        4
      ],
      [
        0,
        5
      ],
      [
        1,
        2
      ],
      [
        1,
        4
      ],
      [
        1,
        5
      ],
      [
        2,
        4
      ],
      [
        2,
        5
      ],
      [
        3,
        4
      ],
      [
        3,
        5
      ],
      [
        3,
        6
      ]
    ]
  ],
  [
    249,
    [
      [
        0,
        1
      ],
      [
        0,
        3
      ],
      [
        1,
        6
      ],
      [
        2,
        3
      ],
      [
        2,
        4
      ],
      [
        2,
        5
      ],
      [
        3,
        4
      ],
      [
        4,
        5
      ],
      [
        5,
        6
      ]
    ]
  ],
  [
    250,
    [
      [
        0,
        3
      ],
      [
        0,
        5
      ],
      [
        0,
        6
      ],
      [
        1,
        2
      ],
      [
        1,
        5
      ],
      [
        2,
        5
      ],
      [
        3,
        4
      ],
      [
        3,
        5
      ],
      [
        4,
        5
      ],
      [
        5,
        6
      ]
    ]
  ],
  [
    251,
    [
      [
        0,
        1
      ],
      [
        0,
        4
      ],
      [
        1,
        3
      ],
      [
        1,
        5
      ],
      [
        2,
        4
      ],
      [
        2,
        5
      ],
      [
        2,
        6
      ],
      [
        3,
        4
      ],
      [
        3,
        6
      ],
      [
        4,
        6
      ]
    ]
  ],
  [
    252,
    [
      [
        0,
        1
      ],
      [
        0,
        2
      ],
      [
        0,
        3
      ],
      [
        0,
        4
      ],
      [
        0,
        5
      ],
      [
        1,
        5
      ],
      [
        1,
        6
      ],
      [
        2,
        5
      ],
      [
        2,
        6
      ],
      [
        3,
        4
      ]
    ]
  ],
  [
    253,
    [
      [
        0,
        3
      ],
      [
        0,
        4
      ],
      [
        1,
        2
      ],
      [
        1,
        3
      ],
      [
        2,
        3
      ],
      [
        2,
        5
      ],
      [
        2,
        6
      ],
      [
        3,
        4
      ],
      [
        3,
        5
      ],
      [
        3,
        6
      ]
    ]
  ],
  [
    254,
    [
      [
        0,
        1
      ],
      [
        0,
        2
      ],
      [
        0,
        3
      ],
      [
        0,
        4
      ],
      [
        0,
        5
      ],
      [
        1,
        2
      ],
      [
        1,
        3
      ],
      [
        1,
        5
      ],
      [
        1,
        6
      ],
      [
        2,
        4
      ],
      [
        2,
        6
      ]
    ]
  ],
  [
    255,
    [
      [
        0,
        1
      ],
      [
        0,
        2
      ],
      [
        0,
        5
      ],
      [
        1,
        2
      ],
      [
        1,
        3
      ],
      [
        1,
        5
      ],
      [
        2,
        5
      ],
      [
        3,
        6
      ],
      [
        4,
        6
      ],
      [
        5,
        6
      ]
    ]
  ],
  [
    256,
    [
      [
        0,
        3
      ],
      [
        0,
        6
      ],
      [
        1,
        2
      ],
      [
        1,
        3
      ],
      [
        1,
        4
      ],
      [
        1,
        6
      ],
      [
        3,
        4
      ],
      [
        3,
        5
      ],
      [
        4,
        6
      ],
      [
        5,
        6
      ]
    ]
  ],
  [
    257,
    [
      [
        0,
        5
      ],
      [
        0,
        6
      ],
      [
        1,
        4
      ],
      [
        1,
        5
      ],
      [
        2,
        5
      ],
      [
        2,
        6
      ],
      [
        3,
        4
      ],
      [
        3,
        5
      ],
      [
        4,
        5
      ],
      [
        4,
        6
      ],
      [
        5,
        6
      ]
    ]
  ],
  [
    258,
    [
      [
        0,
        3
      ],
      [
        0,
        5
      ],
      [
        0,
        6
      ],
      [
        1,
        5
      ],
      [
        2,
        3
      ],
      [
        2,
        4
      ],
      [
        2,
        5
      ],
      [
        2,
        6
      ],
      [
        3,
        6
      ],
      [
        4,
        5
      ]
    ]
  ],
  [
    259,
    [
      [
        0,
        4
      ],
      [
        0,
        5
      ],
      [
        1,
        2
      ],
      [
        2,
        3
      ],
      [
        2,
        4
      ],
      [
        2,
        5
      ],
      [
        2,
        6
      ],
      [
        4,
        5
      ],
      [
        4,
        6
      ],
      [
        5,
        6
      ]
    ]
  ],
  [
    260,
    [
      [
        0,
        1
      ],
      [
        0,
        5
      ],
      [
        0,
        6
      ],
      [
        1,
        3
      ],
      [
        2,
        5
      ],
      [
        2,
        6
      ],
      [
        3,
        5
      ],
      [
        3,
        6
      ],
      [
        4,
        6
      ]
    ]
  ],
  [
    261,
    [
      [
        0,
        1
      ],
      [
        0,
        2
      ],
      [
        0,
        4
      ],
      [
        0,
        5
      ],
      [
        1,
        4
      ],
      [
        1,
        5
      ],
      [
        2,
        4
      ],
      [
        2,
        5
      ],
      [
        2,
        6
      ],
      [
        3,
        6
      ],
      [
        4,
        5
      ]
    ]
  ],
  [
    262,
    [
      [
        0,
        2
      ],
      [
        0,
        4
      ],
      [
        0,
        5
      ],
      [
        1,
        4
      ],
      [
        1,
        5
      ],
      [
        1,
        6
      ],
      [
        2,
        5
      ],
      [
        3,
        5
      ],
      [
        4,
        6
      ],
      [
        5,
        6
      ]
    ]
  ],
  [
    263,
    [
      [
        0,
        3
      ],
      [
        1,
        2
      ],
      [
        1,
        3
      ],
      [
        1,
        4
      ],
      [
        1,
        5
      ],
      [
        2,
        3
      ],
      [
        2,
        4
      ],
      [
        2,
        6
      ],
      [
        3,
        4
      ],
      [
        4,
        5
      ]
    ]
  ],
  [
    264,
    [
      [
        0,
        1
      ],
      [
        0,
        2
      ],
      [
        1,
        2
      ],
      [
        1,
        4
      ],
      [
        1,
        6
      ],
      [
        2,
        3
      ],
      [
        2,
        4
      ],
      [
        2,
        6
      ],
      [
        3,
        6
      ],
      [
        4,
        6
      ],
      [
        5,
        6
      ]
    ]
  ],
  [
    265,
    [
      [
        0,
        1
      ],
      [
        0,
        6
      ],
      [
        1,
        2
      ],
      [
        1,
        4
      ],
      [
        2,
        5
      ],
      [
        2,
        6
      ],
      [
        3,
        5
      ],
      [
        4,
        5
      ],
      [
        4,
        6
      ]
    ]
  ],
  [
    266,
    [
      [
        0,
        2
      ],
      [
        0,
        4
      ],
      [
        0,
        6
      ],
      [
        1,
        6
      ],
      [
        2,
        3
      ],
      [
        2,
        6
      ],
      [
        3,
        5
      ],
      [
        3,
        6
      ],
      [
        4,
        5
      ],
      [
        4,
        6
      ],
      [
        5,
        6
      ]
    ]
  ],
  [
    267,
    [
      [
        0,
        1
      ],
      [
        0,
        2
      ],
      [
        0,
        3
      ],
      [
        0,
        4
      ],
      [
        0,
        5
      ],
      [
        0,
        6
      ],
      [
        1,
        3
      ],
      [
        1,
        4
      ],
      [
        1,
        6
      ],
      [
        3,
        4
      ],
      [
        4,
        6
      ]
    ]
  ],
  [
    268,
    [
      [
        0,
        3
      ],
      [
        1,
        3
      ],
      [
        1,
        4
      ],
      [
        1,
        5
      ],
      [
        1,
        6
      ],
      [
        2,
        3
      ],
      [
        3,
        4
      ],
      [
        3,
        5
      ],
      [
        3,
        6
      ],
      [
        4,
        5
      ]
    ]
  ],
  [
    269,
    [
      [
        0,
        1
      ],
      [
        1,
        4
      ],
      [
        1,
        5
      ],
      [
        1,
        6
      ],
      [
        2,
        3
      ],
      [
        2,
        5
      ],
      [
        2,
        6
      ],
      [
        3,
        6
      ],
      [
        4,
        5
      ],
      [
        4,
        6
      ],
      [
        5,
        6
      ]
    ]
  ],
  [
    270,
    [
      [
        0,
        1
      ],
      [
        0,
        2
      ],
      [
        1,
        4
      ],
      [
        1,
        6
      ],
      [
        2,
        3
      ],
      [
        2,
        4
      ],
      [
        3,
        4
      ],
      [
        3,
        6
      ],
      [
        4,
        5
      ],
      [
        5,
        6
      ]
    ]
  ],
  [
    271,
    [
      [
        0,
        1
      ],
      [
        0,
        4
      ],
      [
        0,
        6
      ],
      [
        1,
        2
      ],
      [
        1,
        3
      ],
      [
        1,
        5
      ],
      [
        1,
        6
      ],
      [
        2,
        3
      ],
      [
        3,
        4
      ],
      [
        5,
        6
      ]
    ]
  ],
  [
    272,
    [
      [
        0,
        1
      ],
      [
        0,
        2
      ],
      [
        0,
        4
      ],
      [
        1,
        3
      ],
      [
        1,
        6
      ],
      [
        2,
        3
      ],
      [
        2,
        6
      ],
      [
        3,
        5
      ],
      [
        3,
        6
      ],
      [
        4,
        5
      ]
    ]
  ],
  [
    273,
    [
      [
        0,
        2
      ],
      [
        1,
        2
      ],
      [
        1,
        3
      ],
      [
        1,
        6
      ],
      [
        2,
        3
      ],
      [
        2,
        4
      ],
      [
        2,
        5
      ],
      [
        2,
        6
      ],
      [
        3,
        6
      ],
      [
        5,
        6
      ]
    ]
  ],
  [
    274,
    [
      [
        0,
        2
      ],
      [
        0,
        3
      ],
      [
        0,
        6
      ],
      [
        1,
        4
      ],
      [
        1,
        5
      ],
      [
        2,
        3
      ],
      [
        2,
        6
      ],
      [
        3,
        6
      ],
      [
        4,
        5
      ],
      [
        4,
        6
      ]
    ]
  ],
  [
    275,
    [
      [
        0,
        1
      ],
      [
        0,
        2
      ],
      [
        0,
        3
      ],
      [
        1,
        2
      ],
      [
        1,
        4
      ],
      [
        2,
        3
      ],
      [
        2,
        4
      ],
      [
        2,
        5
      ],
      [
        3,
        4
      ],
      [
        3,
        5
      ],
      [
        4,
        6
      ]
    ]
  ],
  [
    276,
    [
      [
        0,
        1
      ],
      [
        0,
        2
      ],
      [
        0,
        6
      ],
      [
        1,
        2
      ],
      [
        1,
        4
      ],
      [
        2,
        4
      ],
      [
        2,
        6
      ],
      [
        3,
        4
      ],
      [
        3,
        5
      ],
      [
        4,
        5
      ]
    ]
  ],
  [
    277,
    [
      [
        0,
        1
      ],
      [
        0,
        4
      ],
      [
        1,
        3
      ],
      [
        2,
        3
      ],
      [
        2,
        4
      ],
      [
        3,
        5
      ],
      [
        3,
        6
      ],
      [
        4,
        6
      ],
      [
        5,
        6
      ]
    ]
  ],
  [
    278,
    [
      [
        0,
        2
      ],
      [
        0,
        3
      ],
      [
        0,
        5
      ],
      [
        1,
        2
      ],
      [
        1,
        4
      ],
      [
        1,
        5
      ],
      [
        1,
        6
      ],
      [
        2,
        6
      ],
      [
        4,
        5
      ],
      [
        5,
        6
      ]
    ]
  ],
  [
    279,
    [
      [
        0,
        2
      ],
      [
        0,
        4
      ],
      [
        0,
        6
      ],
      [
        1,
        2
      ],
      [
        1,
        5
      ],
      [
        1,
        6
      ],
      [
        2,
        5
      ],
      [
        3,
        4
      ],
      [
        4,
        6
      ],
      [
        5,
        6
      ]
    ]
  ],
  [
    280,
    [
      [
        0,
        1
      ],
      [
        0,
        3
      ],
      [
        0,
        6
      ],
      [
        1,
        3
      ],
      [
        1,
        4
      ],
      [
        1,
        6
      ],
      [
        2,
        5
      ],
      [
        3,
        6
      ],
      [
        4,
        5
      ],
      [
        4,
        6
      ]
    ]
  ],
  [
    281,
    [
      [
        0,
        5
      ],
      [
        0,
        6
      ],
      [
        1,
        6
      ],
      [
        2,
        3
      ],
      [
        2,
        4
      ],
      [
        2,
        6
      ],
      [
        3,
        5
      ],
      [
        4,
        5
      ],
      [
        5,
        6
      ]
    ]
  ],
  [
    282,
    [
      [
        0,
        1
      ],
      [
        0,
        3
      ],
      [
        0,
        4
      ],
      [
        0,
        5
      ],
      [
        1,
        2
      ],
      [
        3,
        5
      ],
      [
        3,
        6
      ],
      [
        4,
        5
      ],
      [
        4,
        6
      ]
    ]
  ],
  [
    283,
    [
      [
        0,
        3
      ],
      [
        0,
        4
      ],
      [
        1,
        2
      ],
      [
        2,
        3
      ],
      [
        2,
        4
      ],
      [
        3,
        5
      ],
      [
        3,
        6
      ],
      [
        4,
        5
      ],
      [
        4,
        6
      ]
    ]
  ],
  [
    284,
    [
      [
        0,
        2
      ],
      [
        0,
        3
      ],
      [
        0,
        6
      ],
      [
        1,
        2
      ],
      [
        1,
        3
      ],
      [
        2,
        4
      ],
      [
        2,
        5
      ],
      [
        3,
        4
      ],
      [
        3,
        5
      ],
      [
        4,
        6
      ]
    ]
  ],
  [
    285,
    [
      [
        0,
        1
      ],
      [
        0,
        5
      ],
      [
        1,
        2
      ],
      [
        1,
        3
      ],
      [
        1,
        5
      ],
      [
        1,
        6
      ],
      [
        2,
        5
      ],
      [
        3,
        4
      ],
      [
        4,
        5
      ],
      [
        5,
        6
      ]
    ]
  ],
  [
    286,
    [
      [
        0,
        2
      ],
      [
        0,
        4
      ],
      [
        0,
        5
      ],
      [
        1,
        3
      ],
      [
        2,
        3
      ],
      [
        2,
        5
      ],
      [
        3,
        4
      ],
      [
        3,
        5
      ],
      [
        3,
        6
      ],
      [
        4,
        6
      ]
    ]
  ],
  [
    287,
    [
      [
        0,
        1
      ],
      [
        0,
        2
      ],
      [
        0,
        3
      ],
      [
        0,
        5
      ],
      [
        0,
        6
      ],
      [
        1,
        2
      ],
      [
        1,
        5
      ],
      [
        2,
        5
      ],
      [
        4,
        5
      ],
      [
        5,
        6
      ]
    ]
  ],
  [
    288,
    [
      [
        0,
        2
      ],
      [
        0,
        3
      ],
      [
        0,
        4
      ],
      [
        1,
        2
      ],
      [
        1,
        3
      ],
      [
        1,
        4
      ],
      [
        1,
        6
      ],
      [
        2,
        3
      ],
      [
        2,
        6
      ],
      [
        3,
        4
      ],
      [
        5,
        6
      ]
    ]
  ],
  [
    289,
    [
      [
        0,
        4
      ],
      [
        0,
        6
      ],
      [
        1,
        3
      ],
      [
        1,
        4
      ],
      [
        1,
        5
      ],
      [
        2,
        3
      ],
      [
        2,
        4
      ],
      [
        2,
        5
      ],
      [
        2,
        6
      ],
      [
        3,
        4
      ]
    ]
  ],
  [
    290,
    [
      [
        0,
        3
      ],
      [
        0,
        6
      ],
      [
        1,
        3
      ],
      [
        2,
        3
      ],
      [
        2,
        4
      ],
      [
        2,
        5
      ],
      [
        2,
        6
      ],
      [
        3,
        4
      ],
      [
        4,
        5
      ],
      [
        4,
        6
      ]
    ]
  ],
  [
    291,
    [
      [
        0,
        2
      ],
      [
        1,
        4
      ],
      [
        1,
        5
      ],
      [
        2,
        3
      ],
      [
        2,
        4
      ],
      [
        3,
        4
      ],
      [
        3,
        6
      ],
      [
        4,
        5
      ],
      [
        4,
        6
      ]
    ]
  ],
  [
    292,
    [
      [
        0,
        1
      ],
      [
        1,
        2
      ],
      [
        1,
        5
      ],
      [
        1,
        6
      ],
      [
        2,
        4
      ],
      [
        2,
        5
      ],
      [
        3,
        4
      ],
      [
        4,
        5
      ],
      [
        4,
        6
      ],
      [
        5,
        6
      ]
    ]
  ],
  [
    293,
    [
      [
        0,
        1
      ],
      [
        0,
        4
      ],
      [
        0,
        5
      ],
      [
        1,
        2
      ],
      [
        1,
        3
      ],
      [
        1,
        4
      ],
      [
        2,
        4
      ],
      [
        2,
        5
      ],
      [
        2,
        6
      ],
      [
        3,
        5
      ],
      [
        4,
        5
      ]
    ]
  ],
  [
    294,
    [
      [
        0,
        1
      ],
      [
        0,
        4
      ],
      [
        0,
        5
      ],
      [
        0,
        6
      ],
      [
        1,
        2
      ],
      [
        1,
        6
      ],
      [
        2,
        6
      ],
      [
        3,
        4
      ],
      [
        3,
        5
      ]
    ]
  ],
  [
    295,
    [
      [
        0,
        1
      ],
      [
        0,
        3
      ],
      [
        0,
        5
      ],
      [
        0,
        6
      ],
      [
        1,
        2
      ],
      [
        1,
        3
      ],
      [
        2,
        6
      ],
      [
        3,
        4
      ],
      [
        3,
        6
      ],
      [
        4,
        5
      ]
    ]
  ],
  [
    296,
    [
      [
        0,
        1
      ],
      [
        0,
        3
      ],
      [
        0,
        4
      ],
      [
        1,
        3
      ],
      [
        1,
        4
      ],
      [
        2,
        4
      ],
      [
        2,
        5
      ],
      [
        3,
        6
      ],
      [
        4,
        6
      ]
    ]
  ],
  [
    297,
    [
      [
        0,
        5
      ],
      [
        0,
        6
      ],
      [
        1,
        3
      ],
      [
        1,
        4
      ],
      [
        1,
        6
      ],
      [
        2,
        5
      ],
      [
        2,
        6
      ],
      [
        3,
        5
      ],
      [
        4,
        5
      ],
      [
        4,
        6
      ]
    ]
  ],
  [
    298,
    [
      [
        0,
        3
      ],
      [
        0,
        5
      ],
      [
        0,
        6
      ],
      [
        1,
        2
      ],
      [
        1,
        3
      ],
      [
        1,
        5
      ],
      [
        2,
        3
      ],
      [
        3,
        5
      ],
      [
        4,
        5
      ],
      [
        4,
        6
      ]
    ]
  ],
  [
    299,
    [
      [
        0,
        4
      ],
      [
        0,
        6
      ],
      [
        1,
        2
      ],
      [
        1,
        4
      ],
      [
        1,
        6
      ],
      [
        2,
        4
      ],
      [
        2,
        5
      ],
      [
        3,
        4
      ],
      [
        4,
        5
      ],
      [
        4,
        6
      ]
    ]
  ]
]