0
[(0, 5), (0, 6), (1, 3), (1, 5), (2, 3), (2, 5), (3, 5), (4, 6), (5, 6)]
1
[1, 3, 2, 5, 0, 6, 4]
[(1, 3), (2, 3), (2, 5), (0, 5), (0, 6), (4, 6)]
[(1, 5), (3, 5), (5, 6)]
[1, 3, 5, 2, 0, 6, 4]
[(1, 3), (1, 5), (2, 3), (0, 5), (5, 6), (4, 6)]
[(0, 6), (2, 5), (3, 5)]
[(0, 5), (3, 5), (1, 3), (1, 5), (0, 6), (5, 6)]
[1, 0, 1, 0, 1, 0]
[(1, 3), (3, 5), (0, 5), (0, 6), (2, 5), (5, 6)]
[1, 0, 1, 0, 0, 1]

1
[(0, 1), (0, 5), (1, 2), (1, 4), (1, 5), (2, 4), (3, 5), (3, 6), (5, 6)]
0
[0, 1, 2, 4, 5, 3, 6]
[(0, 1), (1, 2), (2, 4), (1, 5), (3, 5), (3, 6)]
[(0, 5), (1, 4), (5, 6)]
[0, 1, 5, 2, 4, 3, 6]
[(0, 1), (0, 5), (1, 2), (1, 4), (3, 5), (5, 6)]
[(1, 5), (2, 4), (3, 6)]
[(5, 6), (1, 5), (1, 2), (0, 5), (1, 4), (3, 5)]
[0, 1, 1, 0, 0, 1]
[(1, 5), (3, 6), (0, 1), (2, 4), (5, 6), (1, 2)]
[0, 0, 1, 0, 1, 1]

2
[(0, 3), (0, 4), (0, 5), (1, 3), (1, 4), (1, 5), (2, 5), (3, 4), (3, 6), (4, 6), (5, 6)]
3
[3, 0, 4, 1, 5, 2, 6]
[(0, 3), (0, 4), (1, 4), (1, 5), (2, 5), (5, 6)]
[(0, 5), (1, 3), (3, 4), (3, 6), (4, 6)]
[3, 0, 1, 4, 6, 5, 2]
[(0, 3), (1, 3), (3, 4), (3, 6), (0, 5), (2, 5)]
[(0, 4), (1, 4), (1, 5), (4, 6), (5, 6)]
[(5, 6), (0, 5), (3, 4), (0, 4), (1, 5), (2, 5)]
[1, 0, 0, 1, 1, 1]
[(0, 4), (3, 4), (4, 6), (1, 5), (1, 4), (3, 6)]
[0, 1, 0, 0, 0, 1]

3
[(0, 2), (0, 6), (1, 2), (1, 4), (1, 6), (2, 3), (3, 4), (4, 5), (5, 6)]
2
[2, 0, 6, 1, 4, 3, 5]
[(0, 2), (0, 6), (1, 6), (1, 4), (3, 4), (4, 5)]
[(1, 2), (2, 3), (5, 6)]
[2, 0, 1, 3, 6, 4, 5]
[(0, 2), (1, 2), (2, 3), (0, 6), (1, 4), (5, 6)]
[(1, 6), (3, 4), (4, 5)]
[(2, 3), (5, 6), (1, 6), (4, 5), (3, 4), (1, 2)]
[0, 0, 1, 1, 1, 0]
[(1, 4), (1, 2), (1, 6), (3, 4), (4, 5), (5, 6)]
[1, 1, 0, 0, 0, 1]

4
[(0, 1), (0, 3), (1, 2), (1, 6), (2, 4), (2, 5), (3, 4), (3, 5), (3, 6)]
0
[0, 1, 2, 4, 3, 5, 6]
[(0, 1), (1, 2), (2, 4), (3, 4), (3, 5), (3, 6)]
[(0, 3), (1, 6), (2, 5)]
[0, 1, 3, 2, 6, 4, 5]
[(0, 1), (0, 3), (1, 2), (1, 6), (3, 4), (3, 5)]
[(2, 4), (2, 5), (3, 6)]
[(2, 5), (0, 1), (2, 4), (3, 5), (3, 6), (3, 4)]
[0, 1, 1, 1, 1, 1]
[(3, 4), (2, 5), (0, 3), (2, 4), (3, 6), (1, 6)]
[1, 0, 1, 0, 0, 1]

5
[(0, 1), (0, 5), (0, 6), (1, 2), (1, 4), (2, 3), (2, 4), (3, 4), (3, 5), (5, 6)]
4
[4, 1, 0, 5, 3, 2, 6]
[(1, 4), (0, 1), (0, 5), (3, 5), (2, 3), (5, 6)]
[(0, 6), (1, 2), (2, 4), (3, 4)]
[4, 1, 2, 3, 0, 5, 6]
[(1, 4), (2, 4), (3, 4), (0, 1), (3, 5), (0, 6)]
[(0, 5), (1, 2), (2, 3), (5, 6)]
[(3, 5), (0, 5), (3, 4), (1, 4), (5, 6), (2, 4)]
[1, 1, 0, 1, 1, 0]
[(3, 4), (2, 3), (1, 4), (0, 6), (2, 4), (3, 5)]
[1, 0, 1, 1, 1, 1]

6
[(0, 1), (0, 3), (0, 4), (0, 5), (1, 3), (2, 3), (2, 4), (3, 5), (3, 6), (4, 6)]
0
[0, 1, 3, 2, 4, 6, 5]
[(0, 1), (1, 3), (2, 3), (2, 4), (4, 6), (3, 5)]
[(0, 3), (0, 4), (0, 5), (3, 6)]
[0, 1, 3, 4, 5, 2, 6]
[(0, 1), (0, 3), (0, 4), (0, 5), (2, 3), (3, 6)]
[(1, 3), (2, 4), (3, 5), (4, 6)]
[(2, 3), (4, 6), (1, 3), (2, 4), (0, 5), (0, 1)]
[1, 1, 1, 1, 0, 1]
[(0, 3), (0, 1), (3, 6), (0, 5), (2, 4), (0, 4)]
[1, 1, 1, 1, 0, 1]

7
[(0, 3), (0, 5), (1, 2), (1, 3), (1, 5), (2, 3), (2, 4), (2, 6), (3, 4), (5, 6)]
4
[4, 2, 1, 3, 0, 5, 6]
[(2, 4), (1, 2), (1, 3), (0, 3), (0, 5), (5, 6)]
[(1, 5), (2, 3), (2, 6), (3, 4)]
[4, 2, 3, 1, 6, 0, 5]
[(2, 4), (3, 4), (1, 2), (2, 6), (0, 3), (1, 5)]
[(0, 5), (1, 3), (2, 3), (5, 6)]
[(1, 3), (5, 6), (2, 4), (0, 5), (2, 3), (1, 2)]
[1, 1, 1, 1, 0, 1]
[(1, 5), (2, 6), (1, 2), (3, 4), (2, 3), (1, 3)]
[1, 1, 1, 1, 0, 0]

8
[(0, 1), (0, 4), (0, 6), (1, 2), (1, 3), (1, 4), (1, 5), (1, 6), (2, 3), (4, 5)]
3
[3, 1, 0, 4, 5, 6, 2]
[(1, 3), (0, 1), (0, 4), (4, 5), (0, 6), (1, 2)]
[(1, 4), (1, 5), (1, 6), (2, 3)]
[3, 1, 2, 0, 4, 5, 6]
[(1, 3), (2, 3), (0, 1), (1, 4), (1, 5), (1, 6)]
[(0, 4), (0, 6), (1, 2), (4, 5)]
[(1, 5), (0, 4), (4, 5), (1, 2), (1, 3), (1, 6)]
[0, 1, 1, 1, 1, 0]
[(1, 3), (0, 4), (1, 5), (0, 6), (0, 1), (1, 6)]
[1, 0, 1, 0, 1, 1]

9
[(0, 1), (0, 2), (0, 3), (0, 4), (1, 4), (1, 5), (2, 5), (2, 6), (3, 5), (5, 6)]
5
[5, 1, 0, 2, 6, 3, 4]
[(1, 5), (0, 1), (0, 2), (2, 6), (0, 3), (0, 4)]
[(1, 4), (2, 5), (3, 5), (5, 6)]
[5, 1, 2, 3, 6, 0, 4]
[(1, 5), (2, 5), (3, 5), (5, 6), (0, 1), (1, 4)]
[(0, 2), (0, 3), (0, 4), (2, 6)]
[(0, 3), (3, 5), (0, 2), (5, 6), (1, 5), (0, 4)]
[1, 0, 1, 0, 1, 1]
[(0, 1), (2, 5), (2, 6), (1, 4), (1, 5), (5, 6)]
[1, 1, 0, 1, 1, 1]

10
[(0, 1), (0, 2), (0, 3), (0, 6), (1, 4), (1, 6), (2, 3), (2, 6), (3, 5), (5, 6)]
4
[4, 1, 0, 2, 3, 5, 6]
[(1, 4), (0, 1), (0, 2), (2, 3), (3, 5), (5, 6)]
[(0, 3), (0, 6), (1, 6), (2, 6)]
[4, 1, 0, 6, 2, 3, 5]
[(1, 4), (0, 1), (1, 6), (0, 2), (0, 3), (5, 6)]
[(0, 6), (2, 3), (2, 6), (3, 5)]
[(0, 3), (1, 6), (3, 5), (2, 6), (0, 1), (1, 4)]
[0, 0, 1, 0, 1, 1]
[(0, 6), (1, 6), (1, 4), (2, 6), (3, 5), (2, 3)]
[0, 1, 1, 0, 0, 0]

11
[(0, 3), (0, 4), (1, 2), (1, 3), (1, 4), (1, 5), (2, 5), (2, 6), (5, 6)]
1
[1, 2, 5, 6, 3, 0, 4]
[(1, 2), (2, 5), (5, 6), (1, 3), (0, 3), (0, 4)]
[(1, 4), (1, 5), (2, 6)]
[1, 2, 3, 4, 5, 6, 0]
[(1, 2), (1, 3), (1, 4), (1, 5), (2, 6), (0, 3)]
[(0, 4), (2, 5), (5, 6)]
[(0, 3), (1, 5), (1, 3), (1, 4), (2, 6), (2, 5)]
[1, 0, 1, 0, 0, 1]
[(1, 5), (2, 5), (0, 3), (0, 4), (5, 6), (1, 4)]
[1, 0, 1, 0, 0, 1]

12
[(0, 2), (0, 6), (1, 6), (2, 3), (2, 4), (2, 6), (3, 5), (3, 6), (4, 5), (4, 6), (5, 6)]
0
[0, 2, 3, 5, 4, 6, 1]
[(0, 2), (2, 3), (3, 5), (4, 5), (4, 6), (1, 6)]
[(0, 6), (2, 4), (2, 6), (3, 6), (5, 6)]
[0, 2, 6, 3, 4, 1, 5]
[(0, 2), (0, 6), (2, 3), (2, 4), (1, 6), (5, 6)]
[(2, 6), (3, 5), (3, 6), (4, 5), (4, 6)]
[(3, 5), (5, 6), (3, 6), (0, 6), (1, 6), (2, 4)]
[1, 0, 0, 0, 1, 0]
[(2, 4), (3, 5), (2, 3), (5, 6), (0, 6), (4, 5)]
[1, 0, 1, 1, 1, 0]

13
[(0, 1), (0, 4), (0, 5), (1, 3), (1, 6), (2, 5), (3, 4), (3, 5), (4, 5), (4, 6), (5, 6)]
6
[6, 1, 0, 4, 3, 5, 2]
[(1, 6), (0, 1), (0, 4), (3, 4), (3, 5), (2, 5)]
[(0, 5), (1, 3), (4, 5), (4, 6), (5, 6)]
[6, 1, 4, 5, 0, 3, 2]
[(1, 6), (4, 6), (5, 6), (0, 1), (1, 3), (2, 5)]
[(0, 4), (0, 5), (3, 4), (3, 5), (4, 5)]
[(1, 6), (4, 5), (3, 5), (0, 1), (0, 5), (5, 6)]
[1, 0, 1, 1, 0, 0]
[(4, 6), (0, 5), (0, 1), (3, 4), (3, 5), (4, 5)]
[1, 0, 1, 0, 0, 0]

14
[(0, 2), (0, 3), (0, 5), (1, 2), (1, 5), (1, 6), (3, 4), (3, 5), (5, 6)]
5
[5, 0, 2, 1, 6, 3, 4]
[(0, 5), (0, 2), (1, 2), (1, 6), (0, 3), (3, 4)]
[(1, 5), (3, 5), (5, 6)]
[5, 0, 1, 3, 6, 2, 4]
[(0, 5), (1, 5), (3, 5), (5, 6), (0, 2), (3, 4)]
[(0, 3), (1, 2), (1, 6)]
[(0, 2), (3, 5), (5, 6), (1, 5), (0, 5), (3, 4)]
[1, 0, 0, 0, 1, 1]
[(1, 5), (0, 3), (5, 6), (3, 4), (3, 5), (0, 5)]
[1, 0, 1, 1, 1, 1]

15
[(0, 3), (0, 5), (1, 5), (2, 3), (2, 5), (3, 4), (3, 5), (3, 6), (4, 5), (5, 6)]
0
[0, 3, 2, 5, 1, 4, 6]
[(0, 3), (2, 3), (2, 5), (1, 5), (4, 5), (5, 6)]
[(0, 5), (3, 4), (3, 5), (3, 6)]
[0, 3, 5, 2, 4, 6, 1]
[(0, 3), (0, 5), (2, 3), (3, 4), (3, 6), (1, 5)]
[(2, 5), (3, 5), (4, 5), (5, 6)]
[(3, 6), (3, 5), (3, 4), (1, 5), (4, 5), (2, 5)]
[0, 0, 0, 1, 1, 1]
[(0, 5), (5, 6), (3, 6), (2, 5), (3, 4), (4, 5)]
[1, 0, 1, 0, 1, 0]

16
[(0, 2), (0, 4), (0, 6), (1, 3), (1, 5), (1, 6), (2, 3), (2, 4), (2, 6), (3, 4)]
2
[2, 0, 4, 3, 1, 5, 6]
[(0, 2), (0, 4), (3, 4), (1, 3), (1, 5), (1, 6)]
[(0, 6), (2, 3), (2, 4), (2, 6)]
[2, 0, 3, 4, 6, 1, 5]
[(0, 2), (2, 3), (2, 4), (2, 6), (1, 3), (1, 5)]
[(0, 4), (0, 6), (1, 6), (3, 4)]
[(1, 6), (2, 3), (0, 6), (0, 4), (2, 4), (1, 5)]
[1, 0, 0, 1, 0, 1]
[(2, 4), (2, 6), (1, 3), (2, 3), (3, 4), (1, 5)]
[1, 1, 1, 1, 0, 1]

17
[(0, 1), (0, 4), (0, 5), (1, 5), (2, 4), (2, 5), (3, 4), (3, 6), (4, 5), (4, 6), (5, 6)]
6
[6, 3, 4, 0, 1, 5, 2]
[(3, 6), (3, 4), (0, 4), (0, 1), (1, 5), (2, 5)]
[(0, 5), (2, 4), (4, 5), (4, 6), (5, 6)]
[6, 3, 4, 5, 0, 2, 1]
[(3, 6), (4, 6), (5, 6), (0, 4), (2, 4), (1, 5)]
[(0, 1), (0, 5), (2, 5), (3, 4), (4, 5)]
[(0, 4), (4, 6), (4, 5), (2, 5), (0, 5), (3, 4)]
[1, 0, 0, 1, 0, 1]
[(3, 6), (0, 1), (0, 5), (3, 4), (2, 4), (4, 6)]
[1, 0, 0, 0, 1, 1]

18
[(0, 1), (0, 2), (0, 3), (0, 4), (0, 6), (1, 3), (2, 4), (3, 5), (4, 5)]
6
[6, 0, 1, 3, 5, 4, 2]
[(0, 6), (0, 1), (1, 3), (3, 5), (4, 5), (2, 4)]
[(0, 2), (0, 3), (0, 4)]
[6, 0, 1, 2, 3, 4, 5]
[(0, 6), (0, 1), (0, 2), (0, 3), (0, 4), (3, 5)]
[(1, 3), (2, 4), (4, 5)]
[(1, 3), (0, 3), (0, 1), (2, 4), (3, 5), (4, 5)]
[1, 0, 1, 1, 1, 1]
[(3, 5), (4, 5), (2, 4), (0, 6), (0, 2), (1, 3)]
[1, 0, 0, 1, 1, 0]

19
[(0, 2), (0, 4), (0, 5), (1, 2), (1, 3), (1, 4), (1, 6), (2, 5), (3, 6)]
4
[4, 0, 2, 1, 3, 6, 5]
[(0, 4), (0, 2), (1, 2), (1, 3), (3, 6), (2, 5)]
[(0, 5), (1, 4), (1, 6)]
[4, 0, 1, 2, 5, 3, 6]
[(0, 4), (1, 4), (0, 2), (0, 5), (1, 3), (1, 6)]
[(1, 2), (2, 5), (3, 6)]
[(1, 3), (3, 6), (1, 4), (1, 6), (0, 5), (0, 4)]
[1, 1, 0, 0, 0, 1]
[(1, 6), (2, 5), (0, 4), (1, 3), (1, 2), (3, 6)]
[1, 0, 1, 1, 0, 0]

20
[(0, 1), (0, 2), (1, 3), (1, 4), (1, 6), (2, 4), (2, 5), (2, 6), (3, 5)]
4
[4, 1, 0, 2, 5, 3, 6]
[(1, 4), (0, 1), (0, 2), (2, 5), (3, 5), (2, 6)]
[(1, 3), (1, 6), (2, 4)]
[4, 1, 2, 0, 3, 6, 5]
[(1, 4), (2, 4), (0, 1), (1, 3), (1, 6), (2, 5)]
[(0, 2), (2, 6), (3, 5)]
[(0, 1), (0, 2), (2, 5), (3, 5), (1, 3), (1, 4)]
[1, 1, 1, 1, 0, 1]
[(0, 1), (1, 4), (0, 2), (3, 5), (1, 3), (2, 6)]
[1, 1, 0, 0, 1, 0]

21
[(0, 1), (0, 4), (1, 2), (1, 3), (1, 4), (1, 6), (2, 5), (2, 6), (3, 4), (3, 6), (4, 6)]
4
[4, 0, 1, 2, 5, 6, 3]
[(0, 4), (0, 1), (1, 2), (2, 5), (2, 6), (3, 6)]
[(1, 3), (1, 4), (1, 6), (3, 4), (4, 6)]
[4, 0, 1, 3, 6, 2, 5]
[(0, 4), (1, 4), (3, 4), (4, 6), (1, 2), (2, 5)]
[(0, 1), (1, 3), (1, 6), (2, 6), (3, 6)]
[(1, 6), (1, 2), (2, 5), (1, 4), (0, 4), (3, 4)]
[0, 1, 1, 0, 1, 0]
[(1, 4), (3, 4), (4, 6), (3, 6), (0, 1), (2, 5)]
[1, 1, 1, 0, 0, 1]

22
[(0, 2), (0, 3), (1, 2), (1, 4), (1, 6), (2, 3), (2, 5), (3, 4), (3, 5), (4, 6)]
0
[0, 2, 1, 4, 3, 5, 6]
[(0, 2), (1, 2), (1, 4), (3, 4), (3, 5), (4, 6)]
[(0, 3), (1, 6), (2, 3), (2, 5)]
[0, 2, 3, 1, 5, 4, 6]
[(0, 2), (0, 3), (1, 2), (2, 5), (3, 4), (1, 6)]
[(1, 4), (2, 3), (3, 5), (4, 6)]
[(1, 6), (0, 2), (3, 5), (4, 6), (1, 2), (2, 5)]
[0, 1, 1, 1, 1, 0]
[(0, 2), (1, 6), (2, 5), (3, 5), (1, 2), (0, 3)]
[1, 1, 1, 0, 1, 1]

23
[(0, 3), (0, 4), (0, 6), (1, 2), (1, 5), (2, 3), (3, 4), (3, 6), (4, 6), (5, 6)]
0
[0, 3, 2, 1, 5, 6, 4]
[(0, 3), (2, 3), (1, 2), (1, 5), (5, 6), (4, 6)]
[(0, 4), (0, 6), (3, 4), (3, 6)]
[0, 3, 4, 6, 2, 5, 1]
[(0, 3), (0, 4), (0, 6), (2, 3), (5, 6), (1, 2)]
[(1, 5), (3, 4), (3, 6), (4, 6)]
[(0, 3), (0, 4), (3, 4), (3, 6), (0, 6), (5, 6)]
[1, 0, 0, 0, 0, 1]
[(2, 3), (3, 4), (3, 6), (1, 5), (1, 2), (4, 6)]
[1, 0, 0, 0, 1, 0]

24
[(0, 3), (0, 4), (0, 5), (0, 6), (1, 2), (1, 3), (1, 4), (1, 5), (1, 6), (4, 5)]
6
[6, 0, 3, 1, 2, 4, 5]
[(0, 6), (0, 3), (1, 3), (1, 2), (1, 4), (4, 5)]
[(0, 4), (0, 5), (1, 5), (1, 6)]
[6, 0, 1, 3, 4, 5, 2]
[(0, 6), (1, 6), (0, 3), (0, 4), (0, 5), (1, 2)]
[(1, 3), (1, 4), (1, 5), (4, 5)]
[(1, 2), (1, 3), (0, 4), (0, 6), (0, 3), (4, 5)]
[1, 1, 0, 1, 1, 1]
[(1, 4), (1, 3), (1, 5), (0, 6), (4, 5), (0, 4)]
[0, 0, 0, 1, 0, 1]

25
[(0, 1), (0, 3), (0, 4), (0, 6), (1, 2), (1, 4), (2, 4), (2, 5), (3, 5), (5, 6)]
1
[1, 0, 3, 5, 2, 4, 6]
[(0, 1), (0, 3), (3, 5), (2, 5), (2, 4), (5, 6)]
[(0, 4), (0, 6), (1, 2), (1, 4)]
[1, 0, 2, 4, 3, 6, 5]
[(0, 1), (1, 2), (1, 4), (0, 3), (0, 6), (2, 5)]
[(0, 4), (2, 4), (3, 5), (5, 6)]
[(1, 2), (0, 1), (1, 4), (5, 6), (0, 6), (2, 4)]
[0, 1, 0, 1, 0, 1]
[(0, 1), (2, 4), (1, 2), (0, 4), (2, 5), (1, 4)]
[1, 0, 1, 0, 1, 1]

26
[(0, 2), (0, 6), (1, 2), (1, 4), (1, 5), (1, 6), (2, 3), (3, 6), (4, 5)]
4
[4, 1, 2, 0, 6, 3, 5]
[(1, 4), (1, 2), (0, 2), (0, 6), (3, 6), (1, 5)]
[(1, 6), (2, 3), (4, 5)]
[4, 1, 5, 2, 6, 0, 3]
[(1, 4), (4, 5), (1, 2), (1, 6), (0, 2), (2, 3)]
[(0, 6), (1, 5), (3, 6)]
[(0, 6), (0, 2), (3, 6), (1, 2), (1, 5), (4, 5)]
[1, 1, 1, 1, 1, 0]
[(1, 5), (1, 6), (0, 6), (0, 2), (1, 2), (3, 6)]
[0, 1, 0, 1, 1, 0]

27
[(0, 2), (0, 5), (0, 6), (1, 2), (1, 4), (1, 5), (2, 3), (3, 5), (3, 6), (4, 6)]
6
[6, 0, 2, 1, 4, 5, 3]
[(0, 6), (0, 2), (1, 2), (1, 4), (1, 5), (3, 5)]
[(0, 5), (2, 3), (3, 6), (4, 6)]
[6, 0, 3, 4, 2, 5, 1]
[(0, 6), (3, 6), (4, 6), (0, 2), (0, 5), (1, 4)]
[(1, 2), (1, 5), (2, 3), (3, 5)]
[(2, 3), (4, 6), (3, 5), (0, 6), (1, 4), (3, 6)]
[0, 0, 1, 1, 1, 0]
[(4, 6), (2, 3), (3, 5), (0, 5), (3, 6), (0, 2)]
[1, 0, 0, 1, 1, 1]

28
[(0, 4), (0, 6), (1, 2), (1, 3), (2, 4), (3, 4), (3, 5), (4, 5), (5, 6)]
0
[0, 4, 2, 1, 3, 5, 6]
[(0, 4), (2, 4), (1, 2), (1, 3), (3, 5), (5, 6)]
[(0, 6), (3, 4), (4, 5)]
[0, 4, 6, 2, 3, 5, 1]
[(0, 4), (0, 6), (2, 4), (3, 4), (4, 5), (1, 2)]
[(1, 3), (3, 5), (5, 6)]
[(1, 3), (0, 6), (1, 2), (4, 5), (2, 4), (3, 4)]
[1, 0, 1, 0, 1, 0]
[(4, 5), (0, 4), (1, 2), (5, 6), (3, 5), (2, 4)]
[1, 1, 1, 0, 0, 1]

29
[(0, 1), (0, 2), (0, 4), (0, 6), (1, 2), (1, 6), (3, 5), (3, 6), (4, 5), (4, 6)]
4
[4, 0, 1, 2, 6, 3, 5]
[(0, 4), (0, 1), (1, 2), (1, 6), (3, 6), (3, 5)]
[(0, 2), (0, 6), (4, 5), (4, 6)]
[4, 0, 5, 6, 1, 2, 3]
[(0, 4), (4, 5), (4, 6), (0, 1), (0, 2), (3, 5)]
[(0, 6), (1, 2), (1, 6), (3, 6)]
[(1, 2), (3, 6), (0, 1), (0, 4), (3, 5), (0, 2)]
[1, 1, 1, 1, 1, 0]
[(0, 6), (0, 2), (0, 4), (3, 5), (4, 6), (0, 1)]
[0, 1, 1, 1, 1, 1]

30
[(0, 1), (0, 3), (0, 5), (0, 6), (1, 2), (1, 6), (2, 4), (2, 5), (2, 6), (4, 6)]
0
[0, 1, 2, 4, 6, 5, 3]
[(0, 1), (1, 2), (2, 4), (4, 6), (2, 5), (0, 3)]
[(0, 5), (0, 6), (1, 6), (2, 6)]
[0, 1, 3, 5, 6, 2, 4]
[(0, 1), (0, 3), (0, 5), (0, 6), (1, 2), (4, 6)]
[(1, 6), (2, 4), (2, 5), (2, 6)]
[(0, 1), (1, 2), (2, 6), (4, 6), (2, 4), (0, 3)]
[1, 1, 0, 1, 1, 1]
[(0, 3), (4, 6), (0, 5), (0, 6), (0, 1), (2, 5)]
[1, 1, 1, 1, 1, 0]

31
[(0, 4), (0, 5), (1, 2), (1, 4), (1, 6), (2, 3), (2, 4), (2, 5), (4, 5), (4, 6), (5, 6)]
2
[2, 1, 4, 0, 5, 6, 3]
[(1, 2), (1, 4), (0, 4), (0, 5), (5, 6), (2, 3)]
[(1, 6), (2, 4), (2, 5), (4, 5), (4, 6)]
[2, 1, 3, 4, 5, 6, 0]
[(1, 2), (2, 3), (2, 4), (2, 5), (1, 6), (0, 4)]
[(0, 5), (1, 4), (4, 5), (4, 6), (5, 6)]
[(1, 2), (5, 6), (0, 5), (1, 6), (2, 3), (2, 4)]
[1, 1, 1, 0, 1, 0]
[(5, 6), (1, 6), (2, 3), (0, 4), (2, 5), (2, 4)]
[0, 1, 1, 1, 1, 1]

32
[(0, 2), (0, 5), (0, 6), (1, 2), (1, 6), (2, 4), (3, 4), (3, 5), (3, 6)]
1
[1, 2, 0, 5, 3, 4, 6]
[(1, 2), (0, 2), (0, 5), (3, 5), (3, 4), (3, 6)]
[(0, 6), (1, 6), (2, 4)]
[1, 2, 6, 0, 4, 3, 5]
[(1, 2), (1, 6), (0, 2), (2, 4), (3, 6), (0, 5)]
[(0, 6), (3, 4), (3, 5)]
[(0, 6), (1, 2), (0, 5), (3, 5), (1, 6), (2, 4)]
[0, 1, 1, 1, 0, 0]
[(3, 6), (3, 4), (2, 4), (0, 6), (0, 2), (0, 5)]
[1, 0, 1, 0, 1, 1]

33
[(0, 1), (0, 2), (0, 3), (0, 5), (1, 5), (2, 3), (3, 5), (4, 5), (4, 6), (5, 6)]
6
[6, 4, 5, 0, 1, 2, 3]
[(4, 6), (4, 5), (0, 5), (0, 1), (0, 2), (2, 3)]
[(0, 3), (1, 5), (3, 5), (5, 6)]
[6, 4, 5, 0, 1, 3, 2]
[(4, 6), (5, 6), (0, 5), (1, 5), (3, 5), (0, 2)]
[(0, 1), (0, 3), (2, 3), (4, 5)]
[(1, 5), (0, 1), (4, 5), (0, 3), (0, 2), (4, 6)]
[0, 1, 1, 0, 1, 1]
[(2, 3), (0, 3), (0, 5), (1, 5), (3, 5), (0, 2)]
[0, 0, 1, 1, 1, 1]

34
[(0, 2), (0, 4), (1, 2), (1, 4), (2, 6), (3, 5), (3, 6), (4, 5), (4, 6), (5, 6)]
1
[1, 2, 0, 4, 5, 3, 6]
[(1, 2), (0, 2), (0, 4), (4, 5), (3, 5), (3, 6)]
[(1, 4), (2, 6), (4, 6), (5, 6)]
[1, 2, 4, 0, 6, 5, 3]
[(1, 2), (1, 4), (0, 2), (2, 6), (4, 5), (3, 6)]
[(0, 4), (3, 5), (4, 6), (5, 6)]
[(2, 6), (3, 6), (1, 4), (4, 6), (4, 5), (5, 6)]
[0, 1, 0, 0, 1, 0]
[(3, 5), (3, 6), (5, 6), (0, 4), (4, 6), (1, 2)]
[0, 1, 0, 0, 0, 1]

35
[(0, 1), (0, 2), (0, 3), (0, 5), (1, 4), (1, 6), (2, 4), (2, 5), (2, 6), (4, 5)]
2
[2, 0, 1, 4, 5, 6, 3]
[(0, 2), (0, 1), (1, 4), (4, 5), (1, 6), (0, 3)]
[(0, 5), (2, 4), (2, 5), (2, 6)]
[2, 0, 4, 5, 6, 1, 3]
[(0, 2), (2, 4), (2, 5), (2, 6), (0, 1), (0, 3)]
[(0, 5), (1, 4), (1, 6), (4, 5)]
[(2, 5), (0, 5), (2, 6), (1, 6), (0, 3), (2, 4)]
[0, 0, 0, 1, 1, 0]
[(2, 6), (1, 6), (0, 2), (0, 1), (2, 5), (2, 4)]
[1, 0, 1, 1, 1, 1]

36
[(0, 1), (0, 3), (0, 4), (1, 3), (1, 5), (1, 6), (2, 3), (3, 5), (3, 6), (5, 6)]
1
[1, 0, 3, 2, 5, 6, 4]
[(0, 1), (0, 3), (2, 3), (3, 5), (5, 6), (0, 4)]
[(1, 3), (1, 5), (1, 6), (3, 6)]
[1, 0, 3, 5, 6, 4, 2]
[(0, 1), (1, 3), (1, 5), (1, 6), (0, 4), (2, 3)]
[(0, 3), (3, 5), (3, 6), (5, 6)]
[(1, 3), (0, 4), (0, 1), (3, 6), (5, 6), (3, 5)]
[0, 1, 1, 0, 1, 1]
[(1, 6), (5, 6), (3, 5), (2, 3), (1, 5), (0, 3)]
[1, 0, 0, 1, 1, 0]

37
[(0, 1), (0, 2), (0, 5), (1, 2), (1, 3), (1, 5), (2, 5), (2, 6), (4, 5), (4, 6)]
1
[1, 0, 2, 5, 4, 6, 3]
[(0, 1), (0, 2), (2, 5), (4, 5), (4, 6), (1, 3)]
[(0, 5), (1, 2), (1, 5), (2, 6)]
[1, 0, 2, 3, 5, 6, 4]
[(0, 1), (1, 2), (1, 3), (1, 5), (2, 6), (4, 5)]
[(0, 2), (0, 5), (2, 5), (4, 6)]
[(1, 5), (4, 6), (0, 1), (4, 5), (1, 2), (2, 5)]
[0, 1, 1, 1, 0, 1]
[(0, 1), (0, 5), (4, 6), (1, 3), (2, 5), (0, 2)]
[1, 0, 0, 1, 0, 0]

38
[(0, 3), (0, 5), (1, 2), (1, 3), (1, 4), (1, 5), (3, 6), (4, 6), (5, 6)]
3
[3, 0, 5, 1, 2, 4, 6]
[(0, 3), (0, 5), (1, 5), (1, 2), (1, 4), (4, 6)]
[(1, 3), (3, 6), (5, 6)]
[3, 0, 1, 6, 5, 2, 4]
[(0, 3), (1, 3), (3, 6), (0, 5), (1, 2), (1, 4)]
[(1, 5), (4, 6), (5, 6)]
[(1, 4), (4, 6), (5, 6), (1, 5), (1, 2), (0, 5)]
[1, 1, 0, 1, 1, 1]
[(1, 4), (5, 6), (1, 5), (4, 6), (0, 5), (1, 3)]
[1, 0, 0, 0, 1, 1]

39
[(0, 2), (0, 3), (0, 4), (0, 5), (1, 3), (2, 5), (2, 6), (3, 6), (4, 5)]
3
[3, 0, 2, 5, 4, 6, 1]
[(0, 3), (0, 2), (2, 5), (4, 5), (2, 6), (1, 3)]
[(0, 4), (0, 5), (3, 6)]
[3, 0, 1, 6, 2, 4, 5]
[(0, 3), (1, 3), (3, 6), (0, 2), (0, 4), (0, 5)]
[(2, 5), (2, 6), (4, 5)]
[(0, 2), (0, 5), (4, 5), (2, 5), (1, 3), (0, 4)]
[1, 0, 1, 1, 1, 0]
[(0, 5), (0, 2), (0, 4), (3, 6), (2, 6), (0, 3)]
[1, 1, 1, 1, 0, 1]

40
[(0, 4), (0, 5), (0, 6), (1, 6), (2, 6), (3, 4), (3, 5), (3, 6), (4, 5), (5, 6)]
2
[2, 6, 0, 4, 3, 5, 1]
[(2, 6), (0, 6), (0, 4), (3, 4), (3, 5), (1, 6)]
[(0, 5), (3, 6), (4, 5), (5, 6)]
[2, 6, 0, 1, 3, 5, 4]
[(2, 6), (0, 6), (1, 6), (3, 6), (5, 6), (0, 4)]
[(0, 5), (3, 4), (3, 5), (4, 5)]
[(5, 6), (3, 6), (1, 6), (3, 4), (3, 5), (0, 5)]
[0, 0, 1, 1, 1, 0]
[(3, 6), (2, 6), (0, 5), (4, 5), (3, 4), (0, 6)]
[1, 1, 0, 0, 0, 1]

41
[(0, 1), (0, 4), (1, 3), (1, 6), (2, 5), (3, 4), (3, 6), (4, 5), (5, 6)]
2
[2, 5, 4, 0, 1, 3, 6]
[(2, 5), (4, 5), (0, 4), (0, 1), (1, 3), (3, 6)]
[(1, 6), (3, 4), (5, 6)]
[2, 5, 4, 6, 0, 3, 1]
[(2, 5), (4, 5), (5, 6), (0, 4), (3, 4), (1, 6)]
[(0, 1), (1, 3), (3, 6)]
[(0, 1), (3, 4), (1, 3), (4, 5), (0, 4), (5, 6)]
[1, 0, 1, 1, 1, 0]
[(1, 3), (0, 4), (3, 4), (2, 5), (5, 6), (4, 5)]
[0, 1, 1, 1, 1, 1]

42
[(0, 6), (1, 3), (1, 4), (1, 5), (1, 6), (2, 3), (2, 4), (2, 5), (2, 6), (4, 5)]
2
[2, 3, 1, 4, 5, 6, 0]
[(2, 3), (1, 3), (1, 4), (4, 5), (1, 6), (0, 6)]
[(1, 5), (2, 4), (2, 5), (2, 6)]
[2, 3, 4, 5, 6, 1, 0]
[(2, 3), (2, 4), (2, 5), (2, 6), (1, 3), (0, 6)]
[(1, 4), (1, 5), (1, 6), (4, 5)]
[(2, 4), (1, 3), (0, 6), (2, 6), (1, 5), (2, 5)]
[0, 1, 1, 0, 0, 0]
[(2, 3), (1, 6), (1, 5), (2, 5), (2, 4), (1, 3)]
[1, 0, 0, 1, 1, 1]

43
[(0, 2), (0, 3), (1, 2), (1, 3), (2, 3), (2, 4), (2, 5), (2, 6), (3, 4), (3, 5), (3, 6)]
1
[1, 2, 0, 3, 4, 5, 6]
[(1, 2), (0, 2), (0, 3), (3, 4), (3, 5), (3, 6)]
[(1, 3), (2, 3), (2, 4), (2, 5), (2, 6)]
[1, 2, 3, 0, 4, 5, 6]
[(1, 2), (1, 3), (0, 2), (2, 4), (2, 5), (2, 6)]
[(0, 3), (2, 3), (3, 4), (3, 5), (3, 6)]
[(2, 6), (0, 3), (2, 5), (3, 6), (1, 3), (1, 2)]
[0, 1, 0, 1, 0, 1]
[(2, 6), (2, 5), (3, 4), (1, 2), (1, 3), (0, 2)]
[1, 1, 0, 1, 1, 1]

44
[(0, 1), (0, 4), (0, 6), (1, 2), (1, 5), (2, 4), (2, 6), (3, 5), (4, 5)]
5
[5, 1, 0, 4, 2, 6, 3]
[(1, 5), (0, 1), (0, 4), (2, 4), (2, 6), (3, 5)]
[(0, 6), (1, 2), (4, 5)]
[5, 1, 3, 4, 0, 2, 6]
[(1, 5), (3, 5), (4, 5), (0, 1), (1, 2), (0, 6)]
[(0, 4), (2, 4), (2, 6)]
[(4, 5), (2, 6), (2, 4), (0, 4), (0, 6), (0, 1)]
[0, 1, 1, 1, 0, 1]
[(4, 5), (0, 1), (2, 6), (0, 4), (2, 4), (0, 6)]
[1, 1, 0, 0, 0, 1]

45
[(0, 1), (0, 3), (0, 4), (1, 3), (1, 6), (2, 3), (2, 4), (2, 6), (3, 4), (3, 5)]
5
[5, 3, 0, 1, 6, 2, 4]
[(3, 5), (0, 3), (0, 1), (1, 6), (2, 6), (2, 4)]
[(0, 4), (1, 3), (2, 3), (3, 4)]
[5, 3, 0, 1, 2, 4, 6]
[(3, 5), (0, 3), (1, 3), (2, 3), (3, 4), (1, 6)]
[(0, 1), (0, 4), (2, 4), (2, 6)]
[(0, 3), (2, 6), (0, 1), (3, 4), (2, 4), (3, 5)]
[1, 1, 1, 0, 1, 1]
[(3, 5), (1, 6), (0, 3), (3, 4), (2, 4), (0, 1)]
[1, 1, 1, 1, 0, 0]

46
[(0, 2), (0, 4), (0, 5), (0, 6), (1, 3), (1, 5), (1, 6), (2, 3), (2, 5), (2, 6), (3, 5)]
5
[5, 0, 2, 3, 1, 6, 4]
[(0, 5), (0, 2), (2, 3), (1, 3), (1, 6), (0, 4)]
[(0, 6), (1, 5), (2, 5), (2, 6), (3, 5)]
[5, 0, 1, 2, 3, 4, 6]
[(0, 5), (1, 5), (2, 5), (3, 5), (0, 4), (0, 6)]
[(0, 2), (1, 3), (1, 6), (2, 3), (2, 6)]
[(2, 3), (1, 5), (2, 6), (1, 3), (1, 6), (3, 5)]
[1, 0, 0, 1, 1, 0]
[(1, 6), (2, 6), (0, 6), (0, 4), (0, 2), (1, 3)]
[0, 0, 1, 1, 0, 0]

47
[(0, 1), (0, 4), (0, 5), (1, 3), (1, 5), (2, 3), (2, 6), (3, 4), (3, 5), (3, 6)]
1
[1, 0, 4, 3, 2, 6, 5]
[(0, 1), (0, 4), (3, 4), (2, 3), (2, 6), (3, 5)]
[(0, 5), (1, 3), (1, 5), (3, 6)]
[1, 0, 3, 5, 4, 2, 6]
[(0, 1), (1, 3), (1, 5), (0, 4), (2, 3), (3, 6)]
[(0, 5), (2, 6), (3, 4), (3, 5)]
[(1, 5), (3, 6), (3, 4), (3, 5), (0, 5), (2, 3)]
[0, 0, 1, 1, 0, 1]
[(0, 1), (3, 5), (0, 5), (2, 3), (3, 6), (1, 5)]
[1, 0, 0, 1, 1, 1]

48
[(0, 4), (0, 6), (1, 3), (1, 4), (1, 5), (2, 6), (3, 4), (3, 5), (4, 5), (5, 6)]
5
[5, 1, 3, 4, 0, 6, 2]
[(1, 5), (1, 3), (3, 4), (0, 4), (0, 6), (2, 6)]
[(1, 4), (3, 5), (4, 5), (5, 6)]
[5, 1, 3, 4, 6, 0, 2]
[(1, 5), (3, 5), (4, 5), (5, 6), (0, 4), (2, 6)]
[(0, 6), (1, 3), (1, 4), (3, 4)]
[(3, 5), (0, 6), (3, 4), (1, 3), (2, 6), (1, 5)]
[0, 1, 1, 1, 1, 1]
[(3, 5), (0, 6), (1, 5), (2, 6), (1, 4), (0, 4)]
[1, 0, 1, 1, 0, 1]

49
[(0, 1), (0, 2), (0, 3), (0, 4), (0, 5), (0, 6), (1, 4), (2, 4), (2, 5), (2, 6), (3, 4)]
2
[2, 0, 1, 4, 3, 5, 6]
[(0, 2), (0, 1), (1, 4), (3, 4), (0, 5), (0, 6)]
[(0, 3), (0, 4), (2, 4), (2, 5), (2, 6)]
[2, 0, 4, 5, 6, 1, 3]
[(0, 2), (2, 4), (2, 5), (2, 6), (0, 1), (0, 3)]
[(0, 4), (0, 5), (0, 6), (1, 4), (3, 4)]
[(0, 5), (0, 6), (1, 4), (0, 2), (2, 4), (3, 4)]
[1, 1, 1, 1, 0, 1]
[(2, 4), (0, 2), (0, 3), (0, 4), (0, 1), (1, 4)]
[1, 1, 1, 0, 1, 0]

50
[(0, 1), (0, 4), (1, 2), (1, 3), (1, 4), (1, 5), (2, 4), (3, 5), (4, 6)]
1
[1, 0, 4, 2, 6, 3, 5]
[(0, 1), (0, 4), (2, 4), (4, 6), (1, 3), (3, 5)]
[(1, 2), (1, 4), (1, 5)]
[1, 0, 2, 3, 4, 5, 6]
[(0, 1), (1, 2), (1, 3), (1, 4), (1, 5), (4, 6)]
[(0, 4), (2, 4), (3, 5)]
[(1, 4), (1, 5), (4, 6), (1, 3), (3, 5), (0, 4)]
[0, 0, 1, 1, 1, 1]
[(1, 2), (1, 4), (0, 1), (4, 6), (0, 4), (1, 5)]
[1, 1, 1, 1, 0, 1]

51
[(0, 2), (1, 3), (1, 4), (2, 3), (2, 4), (3, 4), (3, 5), (3, 6), (4, 5), (4, 6)]
2
[2, 0, 3, 1, 4, 5, 6]
[(0, 2), (2, 3), (1, 3), (1, 4), (4, 5), (4, 6)]
[(2, 4), (3, 4), (3, 5), (3, 6)]
[2, 0, 3, 4, 1, 5, 6]
[(0, 2), (2, 3), (2, 4), (1, 3), (3, 5), (3, 6)]
[(1, 4), (3, 4), (4, 5), (4, 6)]
[(2, 4), (3, 5), (4, 6), (3, 6), (1, 4), (3, 4)]
[0, 0, 1, 0, 1, 0]
[(3, 6), (3, 5), (1, 3), (4, 6), (1, 4), (2, 3)]
[1, 1, 1, 0, 0, 1]

52
[(0, 1), (0, 2), (0, 6), (1, 2), (1, 4), (1, 6), (2, 3), (2, 5), (3, 5)]
0
[0, 1, 2, 3, 5, 4, 6]
[(0, 1), (1, 2), (2, 3), (3, 5), (1, 4), (1, 6)]
[(0, 2), (0, 6), (2, 5)]
[0, 1, 2, 6, 4, 3, 5]
[(0, 1), (0, 2), (0, 6), (1, 4), (2, 3), (2, 5)]
[(1, 2), (1, 6), (3, 5)]
[(1, 4), (2, 5), (0, 2), (3, 5), (1, 6), (0, 6)]
[1, 0, 0, 1, 1, 0]
[(1, 2), (1, 4), (0, 6), (3, 5), (1, 6), (2, 5)]
[0, 1, 1, 0, 0, 1]

53
[(0, 2), (0, 6), (1, 2), (1, 3), (1, 4), (1, 5), (1, 6), (2, 3), (2, 6), (3, 4), (3, 6)]
3
[3, 1, 2, 0, 6, 4, 5]
[(1, 3), (1, 2), (0, 2), (0, 6), (1, 4), (1, 5)]
[(1, 6), (2, 3), (2, 6), (3, 4), (3, 6)]
[3, 1, 2, 4, 6, 5, 0]
[(1, 3), (2, 3), (3, 4), (3, 6), (1, 5), (0, 2)]
[(0, 6), (1, 2), (1, 4), (1, 6), (2, 6)]
[(0, 2), (1, 3), (3, 6), (0, 6), (2, 6), (1, 5)]
[1, 1, 0, 1, 0, 1]
[(1, 6), (3, 4), (3, 6), (1, 3), (1, 5), (2, 3)]
[0, 1, 1, 1, 1, 1]

54
[(0, 3), (1, 3), (1, 6), (2, 3), (2, 5), (3, 4), (3, 5), (3, 6), (4, 5)]
1
[1, 3, 0, 2, 5, 4, 6]
[(1, 3), (0, 3), (2, 3), (2, 5), (4, 5), (3, 6)]
[(1, 6), (3, 4), (3, 5)]
[1, 3, 6, 0, 2, 4, 5]
[(1, 3), (1, 6), (0, 3), (2, 3), (3, 4), (3, 5)]
[(2, 5), (3, 6), (4, 5)]
[(2, 3), (1, 3), (4, 5), (0, 3), (3, 5), (3, 6)]
[1, 1, 1, 1, 0, 1]
[(1, 3), (4, 5), (1, 6), (3, 4), (0, 3), (2, 3)]
[1, 0, 1, 1, 1, 1]

55
[(0, 1), (0, 2), (0, 4), (0, 6), (1, 2), (1, 5), (1, 6), (3, 4), (4, 5)]
2
[2, 0, 1, 5, 4, 3, 6]
[(0, 2), (0, 1), (1, 5), (4, 5), (3, 4), (1, 6)]
[(0, 4), (0, 6), (1, 2)]
[2, 0, 1, 4, 6, 5, 3]
[(0, 2), (1, 2), (0, 4), (0, 6), (1, 5), (3, 4)]
[(0, 1), (1, 6), (4, 5)]
[(0, 6), (1, 2), (1, 6), (4, 5), (1, 5), (0, 4)]
[0, 0, 1, 1, 1, 0]
[(0, 6), (0, 4), (0, 1), (1, 5), (4, 5), (1, 6)]
[1, 1, 0, 1, 0, 0]

56
[(0, 4), (0, 5), (1, 4), (1, 5), (2, 4), (2, 5), (3, 4), (3, 6), (4, 6), (5, 6)]
4
[4, 0, 5, 1, 2, 6, 3]
[(0, 4), (0, 5), (1, 5), (2, 5), (5, 6), (3, 6)]
[(1, 4), (2, 4), (3, 4), (4, 6)]
[4, 0, 1, 2, 3, 6, 5]
[(0, 4), (1, 4), (2, 4), (3, 4), (4, 6), (0, 5)]
[(1, 5), (2, 5), (3, 6), (5, 6)]
[(5, 6), (4, 6), (1, 4), (3, 4), (2, 4), (2, 5)]
[1, 0, 0, 0, 0, 1]
[(1, 5), (3, 4), (2, 5), (3, 6), (1, 4), (5, 6)]
[0, 1, 0, 0, 1, 0]

57
[(0, 2), (0, 3), (0, 4), (0, 5), (0, 6), (1, 3), (2, 3), (2, 5), (3, 4), (3, 6), (5, 6)]
1
[1, 3, 0, 2, 5, 6, 4]
[(1, 3), (0, 3), (0, 2), (2, 5), (5, 6), (0, 4)]
[(0, 5), (0, 6), (2, 3), (3, 4), (3, 6)]
[1, 3, 0, 2, 4, 6, 5]
[(1, 3), (0, 3), (2, 3), (3, 4), (3, 6), (0, 5)]
[(0, 2), (0, 4), (0, 6), (2, 5), (5, 6)]
[(0, 6), (1, 3), (0, 5), (0, 2), (3, 4), (2, 5)]
[0, 1, 0, 1, 0, 1]
[(2, 3), (2, 5), (1, 3), (0, 6), (0, 4), (0, 3)]
[1, 0, 1, 0, 0, 1]

58
[(0, 5), (1, 2), (1, 5), (1, 6), (2, 3), (2, 4), (2, 5), (3, 4), (3, 6), (4, 5), (5, 6)]
6
[6, 1, 2, 3, 4, 5, 0]
[(1, 6), (1, 2), (2, 3), (3, 4), (4, 5), (0, 5)]
[(1, 5), (2, 4), (2, 5), (3, 6), (5, 6)]
[6, 1, 3, 5, 2, 4, 0]
[(1, 6), (3, 6), (5, 6), (1, 2), (3, 4), (0, 5)]
[(1, 5), (2, 3), (2, 4), (2, 5), (4, 5)]
[(2, 3), (2, 5), (1, 2), (3, 4), (1, 5), (1, 6)]
[1, 0, 1, 1, 0, 1]
[(3, 4), (2, 3), (2, 4), (1, 5), (1, 2), (5, 6)]
[1, 0, 0, 0, 1, 1]

59
[(0, 3), (1, 2), (1, 3), (1, 4), (1, 5), (1, 6), (2, 4), (2, 5), (2, 6), (4, 5), (4, 6)]
5
[5, 1, 2, 4, 6, 3, 0]
[(1, 5), (1, 2), (2, 4), (4, 6), (1, 3), (0, 3)]
[(1, 4), (1, 6), (2, 5), (2, 6), (4, 5)]
[5, 1, 2, 4, 3, 6, 0]
[(1, 5), (2, 5), (4, 5), (1, 3), (1, 6), (0, 3)]
[(1, 2), (1, 4), (2, 4), (2, 6), (4, 6)]
[(2, 6), (2, 4), (4, 5), (2, 5), (1, 3), (1, 4)]
[0, 1, 0, 0, 1, 0]
[(1, 3), (2, 6), (2, 5), (2, 4), (1, 4), (4, 6)]
[1, 0, 1, 0, 0, 0]

60
[(0, 2), (1, 2), (1, 3), (1, 4), (1, 5), (1, 6), (2, 4), (2, 5), (3, 4), (4, 6)]
3
[3, 1, 2, 0, 4, 6, 5]
[(1, 3), (1, 2), (0, 2), (2, 4), (4, 6), (2, 5)]
[(1, 4), (1, 5), (1, 6), (3, 4)]
[3, 1, 4, 2, 5, 6, 0]
[(1, 3), (3, 4), (1, 2), (1, 5), (1, 6), (0, 2)]
[(1, 4), (2, 4), (2, 5), (4, 6)]
[(1, 2), (1, 3), (4, 6), (2, 4), (1, 6), (2, 5)]
[1, 1, 1, 1, 0, 1]
[(3, 4), (1, 2), (1, 6), (1, 3), (0, 2), (4, 6)]
[1, 1, 1, 1, 1, 0]

61
[(0, 2), (0, 3), (0, 4), (0, 6), (1, 3), (1, 4), (1, 5), (3, 5), (4, 5)]
4
[4, 0, 2, 3, 1, 5, 6]
[(0, 4), (0, 2), (0, 3), (1, 3), (1, 5), (0, 6)]
[(1, 4), (3, 5), (4, 5)]
[4, 0, 1, 5, 2, 3, 6]
[(0, 4), (1, 4), (4, 5), (0, 2), (0, 3), (0, 6)]
[(1, 3), (1, 5), (3, 5)]
[(4, 5), (0, 2), (1, 4), (1, 3), (0, 6), (3, 5)]
[0, 1, 0, 1, 1, 0]
[(3, 5), (1, 5), (4, 5), (1, 3), (0, 3), (0, 6)]
[0, 0, 1, 0, 1, 1]

62
[(0, 1), (0, 2), (0, 5), (0, 6), (1, 5), (2, 3), (2, 6), (3, 4), (3, 5), (5, 6)]
6
[6, 0, 1, 5, 3, 2, 4]
[(0, 6), (0, 1), (1, 5), (3, 5), (2, 3), (3, 4)]
[(0, 2), (0, 5), (2, 6), (5, 6)]
[6, 0, 2, 5, 1, 3, 4]
[(0, 6), (2, 6), (5, 6), (0, 1), (2, 3), (3, 4)]
[(0, 2), (0, 5), (1, 5), (3, 5)]
[(1, 5), (5, 6), (0, 1), (2, 3), (3, 5), (0, 6)]
[1, 0, 1, 1, 1, 1]
[(2, 3), (0, 2), (0, 6), (3, 5), (0, 5), (1, 5)]
[1, 0, 1, 0, 0, 0]

63
[(0, 4), (0, 6), (1, 2), (1, 3), (1, 6), (2, 3), (2, 4), (3, 4), (3, 5), (4, 6)]
4
[4, 0, 6, 1, 2, 3, 5]
[(0, 4), (0, 6), (1, 6), (1, 2), (2, 3), (3, 5)]
[(1, 3), (2, 4), (3, 4), (4, 6)]
[4, 0, 2, 3, 6, 1, 5]
[(0, 4), (2, 4), (3, 4), (4, 6), (1, 2), (3, 5)]
[(0, 6), (1, 3), (1, 6), (2, 3)]
[(3, 5), (2, 3), (0, 4), (0, 6), (1, 3), (1, 6)]
[1, 1, 1, 1, 0, 1]
[(0, 4), (2, 4), (1, 6), (4, 6), (3, 5), (3, 4)]
[1, 1, 0, 1, 1, 1]

64
[(0, 1), (0, 2), (0, 5), (0, 6), (1, 5), (2, 3), (2, 4), (2, 6), (3, 4), (3, 5)]
6
[6, 0, 1, 5, 3, 2, 4]
[(0, 6), (0, 1), (1, 5), (3, 5), (2, 3), (2, 4)]
[(0, 2), (0, 5), (2, 6), (3, 4)]
[6, 0, 2, 1, 5, 3, 4]
[(0, 6), (2, 6), (0, 1), (0, 5), (2, 3), (2, 4)]
[(0, 2), (1, 5), (3, 4), (3, 5)]
[(1, 5), (0, 1), (3, 4), (0, 5), (2, 4), (2, 3)]
[1, 1, 0, 0, 1, 1]
[(0, 2), (0, 5), (1, 5), (3, 5), (3, 4), (2, 3)]
[0, 1, 0, 0, 0, 1]

65
[(0, 2), (0, 6), (1, 2), (1, 4), (1, 5), (1, 6), (2, 3), (2, 4), (2, 5), (4, 5), (5, 6)]
3
[3, 2, 0, 6, 1, 4, 5]
[(2, 3), (0, 2), (0, 6), (1, 6), (1, 4), (4, 5)]
[(1, 2), (1, 5), (2, 4), (2, 5), (5, 6)]
[3, 2, 0, 1, 4, 5, 6]
[(2, 3), (0, 2), (1, 2), (2, 4), (2, 5), (0, 6)]
[(1, 4), (1, 5), (1, 6), (4, 5), (5, 6)]
[(1, 6), (2, 3), (0, 2), (2, 5), (1, 4), (0, 6)]
[1, 1, 1, 0, 1, 1]
[(1, 6), (1, 2), (1, 4), (4, 5), (5, 6), (0, 6)]
[0, 1, 0, 0, 0, 1]

66
[(0, 4), (0, 5), (0, 6), (1, 4), (2, 3), (3, 4), (3, 5), (3, 6), (4, 5), (4, 6), (5, 6)]
0
[0, 4, 1, 3, 2, 5, 6]
[(0, 4), (1, 4), (3, 4), (2, 3), (3, 5), (5, 6)]
[(0, 5), (0, 6), (3, 6), (4, 5), (4, 6)]
[0, 4, 5, 6, 1, 3, 2]
[(0, 4), (0, 5), (0, 6), (1, 4), (3, 4), (2, 3)]
[(3, 5), (3, 6), (4, 5), (4, 6), (5, 6)]
[(2, 3), (4, 5), (0, 4), (3, 5), (1, 4), (3, 4)]
[1, 0, 1, 1, 1, 1]
[(5, 6), (0, 4), (3, 5), (4, 5), (3, 4), (3, 6)]
[0, 1, 0, 0, 1, 0]

67
[(0, 2), (0, 3), (0, 5), (1, 3), (1, 4), (1, 6), (2, 3), (4, 5), (5, 6)]
0
[0, 2, 3, 1, 4, 5, 6]
[(0, 2), (2, 3), (1, 3), (1, 4), (4, 5), (5, 6)]
[(0, 3), (0, 5), (1, 6)]
[0, 2, 3, 5, 1, 4, 6]
[(0, 2), (0, 3), (0, 5), (1, 3), (4, 5), (5, 6)]
[(1, 4), (1, 6), (2, 3)]
[(4, 5), (1, 4), (1, 6), (0, 5), (0, 3), (0, 2)]
[1, 1, 0, 0, 0, 1]
[(5, 6), (2, 3), (0, 3), (0, 5), (1, 4), (1, 6)]
[1, 0, 1, 1, 0, 0]

68
[(0, 1), (0, 3), (0, 4), (0, 5), (0, 6), (1, 6), (2, 4), (2, 5), (3, 6)]
5
[5, 0, 1, 6, 3, 4, 2]
[(0, 5), (0, 1), (1, 6), (3, 6), (0, 4), (2, 4)]
[(0, 3), (0, 6), (2, 5)]
[5, 0, 2, 1, 3, 4, 6]
[(0, 5), (2, 5), (0, 1), (0, 3), (0, 4), (0, 6)]
[(1, 6), (2, 4), (3, 6)]
[(2, 4), (0, 4), (2, 5), (0, 1), (3, 6), (1, 6)]
[1, 1, 0, 1, 1, 1]
[(0, 1), (2, 4), (1, 6), (3, 6), (2, 5), (0, 5)]
[1, 0, 0, 0, 1, 1]

69
[(0, 4), (0, 6), (1, 4), (1, 6), (2, 3), (2, 5), (2, 6), (3, 6), (4, 6), (5, 6)]
2
[2, 3, 6, 0, 4, 1, 5]
[(2, 3), (3, 6), (0, 6), (0, 4), (1, 4), (5, 6)]
[(1, 6), (2, 5), (2, 6), (4, 6)]
[2, 3, 5, 6, 0, 1, 4]
[(2, 3), (2, 5), (2, 6), (0, 6), (1, 6), (4, 6)]
[(0, 4), (1, 4), (3, 6), (5, 6)]
[(5, 6), (2, 6), (4, 6), (2, 3), (1, 4), (2, 5)]
[1, 0, 0, 1, 1, 0]
[(0, 6), (2, 5), (2, 3), (1, 6), (0, 4), (2, 6)]
[1, 1, 1, 1, 0, 1]

70
[(0, 1), (0, 3), (0, 4), (0, 6), (1, 3), (1, 5), (2, 5), (3, 5), (3, 6), (5, 6)]
1
[1, 0, 3, 5, 2, 6, 4]
[(0, 1), (0, 3), (3, 5), (2, 5), (5, 6), (0, 4)]
[(0, 6), (1, 3), (1, 5), (3, 6)]
[1, 0, 3, 5, 4, 6, 2]
[(0, 1), (1, 3), (1, 5), (0, 4), (0, 6), (2, 5)]
[(0, 3), (3, 5), (3, 6), (5, 6)]
[(5, 6), (0, 6), (0, 3), (3, 5), (0, 1), (3, 6)]
[1, 0, 1, 1, 1, 0]
[(0, 3), (1, 3), (1, 5), (0, 6), (2, 5), (5, 6)]
[0, 1, 1, 1, 1, 0]

71
[(0, 3), (0, 5), (1, 3), (1, 4), (2, 5), (2, 6), (3, 4), (3, 6), (4, 5)]
6
[6, 2, 5, 0, 3, 1, 4]
[(2, 6), (2, 5), (0, 5), (0, 3), (1, 3), (1, 4)]
[(3, 4), (3, 6), (4, 5)]
[6, 2, 3, 5, 0, 1, 4]
[(2, 6), (3, 6), (2, 5), (0, 3), (1, 3), (3, 4)]
[(0, 5), (1, 4), (4, 5)]
[(0, 3), (3, 4), (4, 5), (3, 6), (1, 4), (2, 6)]
[1, 0, 0, 0, 1, 1]
[(3, 6), (1, 4), (2, 6), (0, 3), (4, 5), (0, 5)]
[1, 0, 1, 1, 0, 0]

72
[(0, 1), (0, 2), (0, 6), (1, 2), (1, 6), (2, 3), (2, 4), (2, 5), (2, 6), (3, 6), (5, 6)]
5
[5, 2, 0, 1, 6, 3, 4]
[(2, 5), (0, 2), (0, 1), (1, 6), (3, 6), (2, 4)]
[(0, 6), (1, 2), (2, 3), (2, 6), (5, 6)]
[5, 2, 6, 0, 1, 3, 4]
[(2, 5), (5, 6), (0, 2), (1, 2), (2, 3), (2, 4)]
[(0, 1), (0, 6), (1, 6), (2, 6), (3, 6)]
[(2, 3), (0, 6), (2, 5), (1, 6), (0, 2), (2, 4)]
[0, 0, 1, 1, 1, 1]
[(2, 5), (2, 6), (5, 6), (0, 2), (2, 4), (2, 3)]
[1, 0, 1, 1, 1, 1]

73
[(0, 3), (0, 4), (1, 2), (1, 3), (2, 3), (2, 5), (2, 6), (3, 5), (4, 6)]
0
[0, 3, 1, 2, 5, 6, 4]
[(0, 3), (1, 3), (1, 2), (2, 5), (2, 6), (4, 6)]
[(0, 4), (2, 3), (3, 5)]
[0, 3, 4, 1, 2, 5, 6]
[(0, 3), (0, 4), (1, 3), (2, 3), (3, 5), (4, 6)]
[(1, 2), (2, 5), (2, 6)]
[(2, 5), (0, 4), (1, 3), (2, 3), (2, 6), (0, 3)]
[1, 0, 1, 0, 1, 1]
[(2, 3), (3, 5), (1, 2), (1, 3), (0, 3), (4, 6)]
[1, 1, 0, 1, 1, 1]

74
[(0, 4), (0, 5), (1, 4), (1, 6), (2, 4), (2, 5), (2, 6), (3, 6), (4, 5), (4, 6), (5, 6)]
1
[1, 4, 0, 5, 2, 6, 3]
[(1, 4), (0, 4), (0, 5), (2, 5), (2, 6), (3, 6)]
[(1, 6), (2, 4), (4, 5), (4, 6), (5, 6)]
[1, 4, 6, 0, 2, 5, 3]
[(1, 4), (1, 6), (0, 4), (2, 4), (4, 5), (3, 6)]
[(0, 5), (2, 5), (2, 6), (4, 6), (5, 6)]
[(2, 5), (0, 5), (1, 4), (5, 6), (2, 6), (3, 6)]
[1, 1, 1, 0, 1, 1]
[(0, 4), (2, 4), (1, 4), (4, 5), (2, 6), (0, 5)]
[1, 1, 1, 1, 0, 0]

75
[(0, 2), (1, 3), (1, 4), (1, 5), (2, 3), (2, 4), (2, 6), (3, 6), (4, 6), (5, 6)]
5
[5, 1, 3, 2, 0, 4, 6]
[(1, 5), (1, 3), (2, 3), (0, 2), (2, 4), (4, 6)]
[(1, 4), (2, 6), (3, 6), (5, 6)]
[5, 1, 6, 3, 4, 2, 0]
[(1, 5), (5, 6), (1, 3), (1, 4), (2, 6), (0, 2)]
[(2, 3), (2, 4), (3, 6), (4, 6)]
[(1, 4), (2, 6), (5, 6), (1, 5), (3, 6), (2, 3)]
[0, 0, 0, 1, 0, 1]
[(0, 2), (1, 5), (2, 4), (5, 6), (1, 3), (2, 3)]
[1, 1, 0, 1, 1, 0]

76
[(0, 4), (0, 5), (0, 6), (1, 3), (2, 3), (2, 5), (2, 6), (3, 4), (3, 6), (4, 6), (5, 6)]
2
[2, 3, 1, 4, 0, 5, 6]
[(2, 3), (1, 3), (3, 4), (0, 4), (0, 5), (5, 6)]
[(0, 6), (2, 5), (2, 6), (3, 6), (4, 6)]
[2, 3, 5, 6, 1, 4, 0]
[(2, 3), (2, 5), (2, 6), (1, 3), (3, 4), (0, 5)]
[(0, 4), (0, 6), (3, 6), (4, 6), (5, 6)]
[(4, 6), (3, 6), (1, 3), (0, 4), (2, 6), (0, 6)]
[0, 0, 1, 1, 0, 0]
[(2, 6), (2, 3), (0, 4), (3, 4), (2, 5), (0, 5)]
[1, 1, 0, 1, 1, 1]

77
[(0, 2), (0, 5), (1, 5), (1, 6), (2, 4), (2, 5), (3, 4), (3, 5), (4, 5), (4, 6), (5, 6)]
2
[2, 0, 5, 1, 6, 4, 3]
[(0, 2), (0, 5), (1, 5), (1, 6), (4, 6), (3, 4)]
[(2, 4), (2, 5), (3, 5), (4, 5), (5, 6)]
[2, 0, 4, 5, 3, 6, 1]
[(0, 2), (2, 4), (2, 5), (3, 4), (4, 6), (1, 5)]
[(0, 5), (1, 6), (3, 5), (4, 5), (5, 6)]
[(4, 6), (0, 5), (1, 5), (1, 6), (5, 6), (2, 4)]
[1, 1, 1, 1, 0, 0]
[(2, 4), (3, 5), (1, 5), (0, 5), (4, 6), (0, 2)]
[1, 0, 1, 0, 1, 1]

78
[(0, 1), (0, 4), (0, 5), (0, 6), (1, 3), (1, 6), (2, 6), (3, 4), (3, 5), (3, 6), (4, 6)]
0
[0, 1, 3, 4, 6, 2, 5]
[(0, 1), (1, 3), (3, 4), (4, 6), (2, 6), (3, 5)]
[(0, 4), (0, 5), (0, 6), (1, 6), (3, 6)]
[0, 1, 4, 5, 6, 3, 2]
[(0, 1), (0, 4), (0, 5), (0, 6), (1, 3), (2, 6)]
[(1, 6), (3, 4), (3, 5), (3, 6), (4, 6)]
[(1, 3), (0, 1), (3, 6), (3, 5), (4, 6), (3, 4)]
[1, 1, 0, 1, 1, 1]
[(0, 1), (2, 6), (3, 6), (0, 4), (0, 5), (0, 6)]
[1, 1, 0, 1, 1, 1]

79
[(0, 1), (0, 5), (0, 6), (1, 2), (1, 3), (1, 4), (2, 3), (3, 6), (4, 5)]
0
[0, 1, 2, 3, 6, 4, 5]
[(0, 1), (1, 2), (2, 3), (3, 6), (1, 4), (4, 5)]
[(0, 5), (0, 6), (1, 3)]
[0, 1, 5, 6, 2, 3, 4]
[(0, 1), (0, 5), (0, 6), (1, 2), (1, 3), (1, 4)]
[(2, 3), (3, 6), (4, 5)]
[(0, 6), (1, 3), (3, 6), (0, 1), (1, 4), (0, 5)]
[0, 0, 1, 1, 1, 0]
[(2, 3), (0, 1), (1, 4), (3, 6), (1, 3), (4, 5)]
[0, 1, 1, 0, 1, 0]

80
[(0, 2), (0, 3), (0, 5), (1, 2), (1, 4), (1, 5), (2, 4), (2, 6), (4, 5), (4, 6), (5, 6)]
2
[2, 0, 3, 5, 1, 4, 6]
[(0, 2), (0, 3), (0, 5), (1, 5), (1, 4), (4, 6)]
[(1, 2), (2, 4), (2, 6), (4, 5), (5, 6)]
[2, 0, 1, 4, 6, 3, 5]
[(0, 2), (1, 2), (2, 4), (2, 6), (0, 3), (0, 5)]
[(1, 4), (1, 5), (4, 5), (4, 6), (5, 6)]
[(1, 4), (1, 5), (2, 4), (0, 5), (4, 6), (0, 3)]
[1, 1, 0, 1, 1, 1]
[(5, 6), (1, 2), (2, 4), (0, 5), (0, 2), (2, 6)]
[0, 1, 1, 1, 1, 1]

81
[(0, 2), (0, 3), (0, 4), (1, 3), (2, 3), (2, 5), (2, 6), (3, 4), (3, 5), (4, 5)]
2
[2, 0, 3, 1, 4, 5, 6]
[(0, 2), (0, 3), (1, 3), (3, 4), (4, 5), (2, 6)]
[(0, 4), (2, 3), (2, 5), (3, 5)]
[2, 0, 3, 5, 6, 4, 1]
[(0, 2), (2, 3), (2, 5), (2, 6), (0, 4), (1, 3)]
[(0, 3), (3, 4), (3, 5), (4, 5)]
[(3, 4), (3, 5), (1, 3), (0, 3), (2, 6), (2, 3)]
[1, 0, 1, 1, 1, 0]
[(0, 4), (2, 5), (4, 5), (3, 4), (2, 6), (2, 3)]
[1, 1, 0, 0, 1, 1]

82
[(0, 1), (0, 2), (0, 3), (0, 4), (0, 5), (1, 2), (1, 3), (2, 3), (3, 5), (3, 6)]
5
[5, 0, 1, 2, 3, 6, 4]
[(0, 5), (0, 1), (1, 2), (2, 3), (3, 6), (0, 4)]
[(0, 2), (0, 3), (1, 3), (3, 5)]
[5, 0, 3, 1, 2, 4, 6]
[(0, 5), (3, 5), (0, 1), (0, 2), (0, 4), (3, 6)]
[(0, 3), (1, 2), (1, 3), (2, 3)]
[(0, 1), (1, 3), (0, 5), (3, 5), (0, 4), (2, 3)]
[1, 0, 1, 0, 1, 1]
[(0, 2), (3, 6), (1, 2), (3, 5), (1, 3), (0, 1)]
[1, 1, 0, 1, 0, 1]

83
[(0, 1), (0, 4), (0, 5), (1, 2), (1, 6), (2, 6), (3, 4), (3, 5), (4, 6)]
0
[0, 1, 2, 6, 4, 3, 5]
[(0, 1), (1, 2), (2, 6), (4, 6), (3, 4), (3, 5)]
[(0, 4), (0, 5), (1, 6)]
[0, 1, 4, 5, 2, 6, 3]
[(0, 1), (0, 4), (0, 5), (1, 2), (1, 6), (3, 4)]
[(2, 6), (3, 5), (4, 6)]
[(0, 5), (3, 5), (0, 4), (3, 4), (0, 1), (2, 6)]
[0, 1, 0, 1, 1, 1]
[(4, 6), (1, 6), (2, 6), (0, 1), (1, 2), (3, 5)]
[0, 1, 0, 1, 1, 0]

84
[(0, 1), (0, 2), (0, 6), (1, 2), (1, 4), (1, 5), (2, 4), (3, 5), (4, 6), (5, 6)]
4
[4, 1, 0, 2, 6, 5, 3]
[(1, 4), (0, 1), (0, 2), (0, 6), (5, 6), (3, 5)]
[(1, 2), (1, 5), (2, 4), (4, 6)]
[4, 1, 2, 6, 0, 5, 3]
[(1, 4), (2, 4), (4, 6), (0, 1), (1, 5), (3, 5)]
[(0, 2), (0, 6), (1, 2), (5, 6)]
[(2, 4), (0, 1), (0, 6), (3, 5), (1, 2), (0, 2)]
[0, 1, 1, 1, 0, 1]
[(1, 5), (0, 2), (5, 6), (0, 6), (1, 2), (1, 4)]
[1, 0, 0, 0, 0, 1]

85
[(0, 3), (0, 5), (1, 2), (1, 6), (2, 5), (3, 4), (3, 6), (4, 5), (4, 6)]
0
[0, 3, 4, 5, 2, 1, 6]
[(0, 3), (3, 4), (4, 5), (2, 5), (1, 2), (1, 6)]
[(0, 5), (3, 6), (4, 6)]
[0, 3, 5, 4, 6, 2, 1]
[(0, 3), (0, 5), (3, 4), (3, 6), (2, 5), (1, 6)]
[(1, 2), (4, 5), (4, 6)]
[(1, 2), (0, 5), (4, 6), (3, 6), (4, 5), (1, 6)]
[1, 0, 0, 0, 1, 1]
[(4, 6), (0, 3), (0, 5), (2, 5), (3, 6), (3, 4)]
[0, 1, 1, 1, 1, 1]

86
[(0, 1), (0, 3), (0, 4), (0, 5), (0, 6), (2, 4), (2, 5), (3, 5), (4, 6), (5, 6)]
2
[2, 4, 0, 1, 3, 5, 6]
[(2, 4), (0, 4), (0, 1), (0, 3), (3, 5), (5, 6)]
[(0, 5), (0, 6), (2, 5), (4, 6)]
[2, 4, 5, 0, 6, 3, 1]
[(2, 4), (2, 5), (0, 4), (4, 6), (3, 5), (0, 1)]
[(0, 3), (0, 5), (0, 6), (5, 6)]
[(2, 4), (0, 4), (0, 1), (0, 6), (0, 3), (5, 6)]
[1, 1, 1, 0, 1, 1]
[(0, 4), (4, 6), (2, 4), (0, 5), (2, 5), (0, 6)]
[1, 1, 1, 0, 1, 0]

87
[(0, 1), (0, 2), (0, 3), (1, 4), (1, 5), (2, 3), (2, 5), (4, 5), (4, 6), (5, 6)]
5
[5, 1, 0, 2, 3, 4, 6]
[(1, 5), (0, 1), (0, 2), (2, 3), (1, 4), (4, 6)]
[(0, 3), (2, 5), (4, 5), (5, 6)]
[5, 1, 2, 4, 6, 0, 3]
[(1, 5), (2, 5), (4, 5), (5, 6), (0, 1), (2, 3)]
[(0, 2), (0, 3), (1, 4), (4, 6)]
[(4, 5), (0, 3), (0, 1), (0, 2), (2, 3), (1, 5)]
[0, 0, 1, 1, 1, 1]
[(5, 6), (4, 5), (0, 3), (4, 6), (0, 2), (0, 1)]
[1, 1, 0, 0, 0, 1]

88
[(0, 2), (0, 6), (1, 2), (1, 5), (1, 6), (2, 3), (2, 5), (3, 6), (4, 5), (5, 6)]
2
[2, 0, 6, 1, 5, 4, 3]
[(0, 2), (0, 6), (1, 6), (1, 5), (4, 5), (3, 6)]
[(1, 2), (2, 3), (2, 5), (5, 6)]
[2, 0, 1, 3, 5, 6, 4]
[(0, 2), (1, 2), (2, 3), (2, 5), (0, 6), (4, 5)]
[(1, 5), (1, 6), (3, 6), (5, 6)]
[(2, 3), (0, 6), (4, 5), (1, 6), (3, 6), (1, 5)]
[0, 1, 1, 1, 1, 1]
[(4, 5), (2, 3), (2, 5), (1, 6), (0, 2), (1, 2)]
[1, 1, 1, 0, 1, 1]

89
[(0, 2), (0, 5), (0, 6), (1, 2), (2, 3), (2, 5), (2, 6), (4, 5), (4, 6), (5, 6)]
1
[1, 2, 0, 5, 4, 6, 3]
[(1, 2), (0, 2), (0, 5), (4, 5), (4, 6), (2, 3)]
[(0, 6), (2, 5), (2, 6), (5, 6)]
[1, 2, 0, 3, 5, 6, 4]
[(1, 2), (0, 2), (2, 3), (2, 5), (2, 6), (4, 5)]
[(0, 5), (0, 6), (4, 6), (5, 6)]
[(0, 6), (5, 6), (0, 2), (4, 6), (4, 5), (2, 5)]
[0, 0, 1, 1, 1, 0]
[(2, 6), (4, 6), (4, 5), (2, 5), (1, 2), (0, 5)]
[1, 0, 1, 1, 1, 0]

90
[(0, 1), (0, 2), (0, 6), (1, 2), (1, 3), (1, 5), (2, 5), (3, 4), (4, 5), (5, 6)]
3
[3, 1, 0, 2, 5, 4, 6]
[(1, 3), (0, 1), (0, 2), (2, 5), (4, 5), (5, 6)]
[(0, 6), (1, 2), (1, 5), (3, 4)]
[3, 1, 4, 0, 2, 5, 6]
[(1, 3), (3, 4), (0, 1), (1, 2), (1, 5), (0, 6)]
[(0, 2), (2, 5), (4, 5), (5, 6)]
[(4, 5), (0, 6), (1, 3), (1, 5), (3, 4), (2, 5)]
[1, 0, 1, 0, 0, 1]
[(1, 2), (5, 6), (1, 3), (0, 6), (4, 5), (2, 5)]
[1, 0, 1, 1, 0, 0]

91
[(0, 1), (0, 2), (0, 4), (0, 5), (0, 6), (1, 3), (2, 6), (3, 6), (4, 5), (4, 6), (5, 6)]
5
[5, 0, 1, 3, 6, 2, 4]
[(0, 5), (0, 1), (1, 3), (3, 6), (2, 6), (4, 6)]
[(0, 2), (0, 4), (0, 6), (4, 5), (5, 6)]
[5, 0, 4, 6, 1, 2, 3]
[(0, 5), (4, 5), (5, 6), (0, 1), (0, 2), (3, 6)]
[(0, 4), (0, 6), (1, 3), (2, 6), (4, 6)]
[(2, 6), (4, 5), (5, 6), (0, 1), (0, 2), (4, 6)]
[1, 0, 0, 1, 0, 1]
[(0, 4), (2, 6), (0, 6), (3, 6), (1, 3), (5, 6)]
[0, 0, 0, 1, 0, 1]

92
[(0, 1), (0, 2), (0, 3), (0, 5), (1, 2), (1, 3), (2, 5), (3, 4), (4, 6)]
1
[1, 0, 2, 5, 3, 4, 6]
[(0, 1), (0, 2), (2, 5), (0, 3), (3, 4), (4, 6)]
[(0, 5), (1, 2), (1, 3)]
[1, 0, 2, 3, 5, 4, 6]
[(0, 1), (1, 2), (1, 3), (0, 5), (3, 4), (4, 6)]
[(0, 2), (0, 3), (2, 5)]
[(4, 6), (0, 1), (1, 2), (2, 5), (0, 5), (1, 3)]
[1, 1, 0, 1, 0, 0]
[(0, 3), (1, 2), (4, 6), (2, 5), (1, 3), (0, 2)]
[0, 1, 1, 0, 1, 0]

93
[(0, 3), (0, 5), (0, 6), (1, 3), (2, 3), (2, 4), (2, 5), (3, 6), (4, 5), (5, 6)]
1
[1, 3, 0, 5, 2, 4, 6]
[(1, 3), (0, 3), (0, 5), (2, 5), (2, 4), (5, 6)]
[(0, 6), (2, 3), (3, 6), (4, 5)]
[1, 3, 0, 2, 6, 5, 4]
[(1, 3), (0, 3), (2, 3), (3, 6), (0, 5), (2, 4)]
[(0, 6), (2, 5), (4, 5), (5, 6)]
[(0, 6), (2, 3), (1, 3), (4, 5), (0, 5), (2, 5)]
[0, 0, 1, 0, 1, 1]
[(4, 5), (5, 6), (0, 5), (2, 5), (2, 4), (0, 3)]
[0, 0, 1, 0, 1, 1]

94
[(0, 1), (0, 2), (0, 5), (1, 3), (1, 4), (1, 5), (2, 6), (3, 4), (3, 5), (4, 6)]
6
[6, 2, 0, 1, 3, 4, 5]
[(2, 6), (0, 2), (0, 1), (1, 3), (3, 4), (3, 5)]
[(0, 5), (1, 4), (1, 5), (4, 6)]
[6, 2, 4, 0, 1, 3, 5]
[(2, 6), (4, 6), (0, 2), (1, 4), (3, 4), (0, 5)]
[(0, 1), (1, 3), (1, 5), (3, 5)]
[(3, 4), (1, 4), (4, 6), (2, 6), (1, 5), (0, 2)]
[1, 0, 0, 1, 0, 1]
[(3, 5), (1, 5), (0, 1), (1, 3), (3, 4), (2, 6)]
[0, 0, 0, 0, 1, 1]

95
[(0, 1), (1, 3), (1, 4), (1, 5), (1, 6), (2, 3), (2, 4), (3, 4), (4, 5), (4, 6)]
1
[1, 0, 3, 2, 4, 5, 6]
[(0, 1), (1, 3), (2, 3), (2, 4), (4, 5), (4, 6)]
[(1, 4), (1, 5), (1, 6), (3, 4)]
[1, 0, 3, 4, 5, 6, 2]
[(0, 1), (1, 3), (1, 4), (1, 5), (1, 6), (2, 3)]
[(2, 4), (3, 4), (4, 5), (4, 6)]
[(1, 6), (2, 3), (3, 4), (1, 5), (1, 3), (0, 1)]
[0, 1, 0, 0, 1, 1]
[(0, 1), (1, 5), (1, 6), (3, 4), (2, 3), (1, 3)]
[1, 1, 1, 0, 1, 1]

96
[(0, 3), (0, 4), (1, 2), (1, 5), (1, 6), (2, 3), (2, 4), (2, 6), (3, 4), (3, 6)]
3
[3, 0, 4, 2, 1, 5, 6]
[(0, 3), (0, 4), (2, 4), (1, 2), (1, 5), (1, 6)]
[(2, 3), (2, 6), (3, 4), (3, 6)]
[3, 0, 2, 4, 6, 1, 5]
[(0, 3), (2, 3), (3, 4), (3, 6), (1, 2), (1, 5)]
[(0, 4), (1, 6), (2, 4), (2, 6)]
[(2, 3), (3, 6), (1, 5), (2, 6), (0, 4), (3, 4)]
[0, 0, 1, 0, 1, 0]
[(2, 6), (0, 3), (1, 6), (2, 4), (1, 2), (0, 4)]
[0, 1, 0, 0, 1, 0]

97
[(0, 3), (0, 4), (1, 4), (1, 5), (2, 4), (2, 5), (3, 5), (4, 5), (4, 6), (5, 6)]
3
[3, 0, 4, 1, 5, 2, 6]
[(0, 3), (0, 4), (1, 4), (1, 5), (2, 5), (5, 6)]
[(2, 4), (3, 5), (4, 5), (4, 6)]
[3, 0, 5, 4, 1, 2, 6]
[(0, 3), (3, 5), (0, 4), (1, 5), (2, 5), (5, 6)]
[(1, 4), (2, 4), (4, 5), (4, 6)]
[(2, 5), (3, 5), (2, 4), (4, 5), (5, 6), (4, 6)]
[1, 0, 0, 0, 1, 0]
[(1, 4), (2, 4), (4, 6), (5, 6), (3, 5), (0, 4)]
[0, 0, 0, 1, 1, 1]

98
[(0, 1), (0, 3), (0, 6), (1, 2), (1, 4), (1, 5), (2, 3), (2, 6), (3, 6), (4, 5)]
5
[5, 1, 0, 3, 2, 6, 4]
[(1, 5), (0, 1), (0, 3), (2, 3), (2, 6), (1, 4)]
[(0, 6), (1, 2), (3, 6), (4, 5)]
[5, 1, 4, 0, 2, 3, 6]
[(1, 5), (4, 5), (0, 1), (1, 2), (0, 3), (0, 6)]
[(1, 4), (2, 3), (2, 6), (3, 6)]
[(1, 2), (0, 6), (2, 6), (1, 4), (4, 5), (2, 3)]
[0, 0, 1, 1, 0, 1]
[(1, 4), (1, 2), (2, 6), (1, 5), (3, 6), (0, 3)]
[0, 1, 0, 1, 0, 1]

99
[(0, 2), (0, 3), (1, 2), (1, 3), (2, 4), (2, 5), (3, 5), (4, 5), (4, 6)]
5
[5, 2, 0, 3, 1, 4, 6]
[(2, 5), (0, 2), (0, 3), (1, 3), (2, 4), (4, 6)]
[(1, 2), (3, 5), (4, 5)]
[5, 2, 3, 4, 0, 1, 6]
[(2, 5), (3, 5), (4, 5), (0, 2), (1, 2), (4, 6)]
[(0, 3), (1, 3), (2, 4)]
[(0, 2), (4, 5), (4, 6), (2, 5), (2, 4), (0, 3)]
[1, 0, 1, 1, 1, 1]
[(3, 5), (0, 2), (2, 4), (1, 2), (4, 5), (0, 3)]
[1, 1, 0, 1, 1, 0]

100
[(0, 1), (0, 2), (0, 4), (0, 5), (1, 4), (1, 5), (2, 5), (3, 4), (3, 5), (4, 5), (5, 6)]
1
[1, 0, 2, 5, 3, 4, 6]
[(0, 1), (0, 2), (2, 5), (3, 5), (3, 4), (5, 6)]
[(0, 4), (0, 5), (1, 4), (1, 5), (4, 5)]
[1, 0, 4, 5, 2, 3, 6]
[(0, 1), (1, 4), (1, 5), (0, 2), (3, 4), (5, 6)]
[(0, 4), (0, 5), (2, 5), (3, 5), (4, 5)]
[(3, 5), (5, 6), (0, 5), (4, 5), (0, 2), (3, 4)]
[1, 1, 0, 0, 1, 1]
[(3, 5), (4, 5), (1, 5), (3, 4), (1, 4), (0, 2)]
[0, 0, 1, 1, 1, 1]

101
[(0, 3), (0, 4), (0, 5), (1, 3), (1, 4), (1, 5), (1, 6), (2, 5), (2, 6), (3, 4)]
0
[0, 3, 1, 4, 5, 2, 6]
[(0, 3), (1, 3), (1, 4), (1, 5), (2, 5), (2, 6)]
[(0, 4), (0, 5), (1, 6), (3, 4)]
[0, 3, 4, 5, 1, 2, 6]
[(0, 3), (0, 4), (0, 5), (1, 3), (2, 5), (1, 6)]
[(1, 4), (1, 5), (2, 6), (3, 4)]
[(0, 3), (2, 6), (1, 5), (1, 4), (0, 5), (0, 4)]
[1, 1, 1, 1, 0, 0]
[(1, 5), (2, 6), (1, 3), (3, 4), (1, 4), (1, 6)]
[0, 0, 1, 0, 0, 1]

102
[(0, 2), (0, 5), (1, 3), (1, 6), (2, 4), (2, 5), (3, 4), (3, 6), (4, 5), (4, 6)]
0
[0, 2, 4, 3, 1, 6, 5]
[(0, 2), (2, 4), (3, 4), (1, 3), (1, 6), (4, 5)]
[(0, 5), (2, 5), (3, 6), (4, 6)]
[0, 2, 5, 4, 3, 6, 1]
[(0, 2), (0, 5), (2, 4), (3, 4), (4, 6), (1, 3)]
[(1, 6), (2, 5), (3, 6), (4, 5)]
[(3, 6), (2, 5), (0, 2), (4, 5), (0, 5), (4, 6)]
[0, 0, 1, 1, 0, 0]
[(3, 4), (0, 2), (1, 3), (4, 6), (1, 6), (2, 5)]
[1, 1, 1, 1, 0, 0]

103
[(0, 1), (1, 3), (2, 4), (2, 6), (3, 4), (3, 6), (4, 5), (4, 6), (5, 6)]
6
[6, 2, 4, 3, 1, 0, 5]
[(2, 6), (2, 4), (3, 4), (1, 3), (0, 1), (4, 5)]
[(3, 6), (4, 6), (5, 6)]
[6, 2, 3, 4, 5, 1, 0]
[(2, 6), (3, 6), (4, 6), (5, 6), (1, 3), (0, 1)]
[(2, 4), (3, 4), (4, 5)]
[(2, 6), (1, 3), (2, 4), (3, 6), (4, 5), (5, 6)]
[1, 1, 1, 0, 1, 0]
[(3, 6), (0, 1), (2, 4), (4, 5), (2, 6), (3, 4)]
[1, 1, 0, 0, 1, 0]

104
[(0, 2), (0, 4), (0, 5), (0, 6), (1, 3), (1, 4), (3, 4), (4, 5), (4, 6), (5, 6)]
0
[0, 2, 4, 1, 3, 5, 6]
[(0, 2), (0, 4), (1, 4), (1, 3), (4, 5), (5, 6)]
[(0, 5), (0, 6), (3, 4), (4, 6)]
[0, 2, 4, 5, 6, 1, 3]
[(0, 2), (0, 4), (0, 5), (0, 6), (1, 4), (3, 4)]
[(1, 3), (4, 5), (4, 6), (5, 6)]
[(0, 4), (4, 6), (0, 5), (3, 4), (0, 6), (0, 2)]
[1, 0, 0, 0, 0, 1]
[(5, 6), (1, 4), (4, 5), (1, 3), (4, 6), (0, 4)]
[0, 1, 0, 0, 0, 1]

105
[(0, 1), (0, 2), (0, 4), (0, 5), (1, 3), (2, 3), (2, 5), (3, 4), (3, 5), (3, 6), (4, 5)]
0
[0, 1, 3, 2, 5, 4, 6]
[(0, 1), (1, 3), (2, 3), (2, 5), (4, 5), (3, 6)]
[(0, 2), (0, 4), (0, 5), (3, 4), (3, 5)]
[0, 1, 2, 4, 5, 3, 6]
[(0, 1), (0, 2), (0, 4), (0, 5), (1, 3), (3, 6)]
[(2, 3), (2, 5), (3, 4), (3, 5), (4, 5)]
[(0, 2), (0, 1), (0, 5), (3, 5), (1, 3), (0, 4)]
[0, 1, 0, 0, 1, 0]
[(2, 5), (1, 3), (2, 3), (3, 6), (3, 4), (3, 5)]
[0, 1, 0, 1, 0, 0]

106
[(0, 1), (0, 2), (0, 3), (0, 4), (0, 6), (1, 2), (1, 3), (1, 4), (1, 5), (1, 6), (5, 6)]
3
[3, 0, 1, 2, 4, 5, 6]
[(0, 3), (0, 1), (1, 2), (1, 4), (1, 5), (5, 6)]
[(0, 2), (0, 4), (0, 6), (1, 3), (1, 6)]
[3, 0, 1, 2, 4, 6, 5]
[(0, 3), (1, 3), (0, 2), (0, 4), (0, 6), (1, 5)]
[(0, 1), (1, 2), (1, 4), (1, 6), (5, 6)]
[(0, 4), (0, 2), (1, 2), (0, 6), (0, 3), (1, 3)]
[0, 0, 1, 0, 1, 0]
[(1, 3), (1, 5), (1, 2), (0, 2), (0, 6), (0, 4)]
[1, 1, 0, 1, 1, 1]

107
[(0, 2), (0, 6), (1, 3), (1, 4), (2, 6), (3, 4), (3, 6), (4, 6), (5, 6)]
0
[0, 2, 6, 3, 1, 4, 5]
[(0, 2), (2, 6), (3, 6), (1, 3), (1, 4), (5, 6)]
[(0, 6), (3, 4), (4, 6)]
[0, 2, 6, 3, 4, 5, 1]
[(0, 2), (0, 6), (3, 6), (4, 6), (5, 6), (1, 3)]
[(1, 4), (2, 6), (3, 4)]
[(3, 4), (4, 6), (2, 6), (1, 3), (3, 6), (5, 6)]
[0, 0, 1, 1, 1, 1]
[(5, 6), (2, 6), (1, 3), (3, 6), (3, 4), (0, 6)]
[1, 0, 1, 1, 0, 1]

108
[(0, 1), (0, 2), (0, 3), (0, 5), (1, 2), (1, 3), (1, 5), (2, 5), (2, 6), (4, 6)]
0
[0, 1, 2, 5, 6, 4, 3]
[(0, 1), (1, 2), (2, 5), (2, 6), (4, 6), (1, 3)]
[(0, 2), (0, 3), (0, 5), (1, 5)]
[0, 1, 2, 3, 5, 6, 4]
[(0, 1), (0, 2), (0, 3), (0, 5), (2, 6), (4, 6)]
[(1, 2), (1, 3), (1, 5), (2, 5)]
[(1, 2), (2, 5), (0, 2), (0, 3), (4, 6), (2, 6)]
[1, 1, 0, 0, 1, 1]
[(1, 3), (0, 1), (0, 5), (2, 6), (1, 5), (0, 2)]
[0, 1, 1, 1, 0, 1]

109
[(0, 1), (0, 3), (0, 5), (1, 3), (1, 4), (1, 6), (2, 4), (2, 6), (3, 4), (3, 6), (4, 6)]
4
[4, 1, 0, 3, 6, 2, 5]
[(1, 4), (0, 1), (0, 3), (3, 6), (2, 6), (0, 5)]
[(1, 3), (1, 6), (2, 4), (3, 4), (4, 6)]
[4, 1, 2, 3, 6, 0, 5]
[(1, 4), (2, 4), (3, 4), (4, 6), (0, 1), (0, 5)]
[(0, 3), (1, 3), (1, 6), (2, 6), (3, 6)]
[(4, 6), (2, 4), (0, 1), (0, 5), (1, 6), (3, 6)]
[0, 0, 1, 1, 0, 1]
[(0, 5), (0, 3), (3, 4), (1, 4), (2, 6), (0, 1)]
[1, 0, 1, 1, 0, 1]

110
[(0, 1), (0, 6), (1, 3), (1, 4), (2, 4), (3, 4), (3, 5), (4, 5), (5, 6)]
5
[5, 3, 1, 0, 6, 4, 2]
[(3, 5), (1, 3), (0, 1), (0, 6), (1, 4), (2, 4)]
[(3, 4), (4, 5), (5, 6)]
[5, 3, 4, 6, 1, 2, 0]
[(3, 5), (4, 5), (5, 6), (1, 3), (2, 4), (0, 6)]
[(0, 1), (1, 4), (3, 4)]
[(1, 4), (0, 6), (0, 1), (4, 5), (5, 6), (2, 4)]
[1, 1, 1, 0, 0, 1]
[(5, 6), (1, 3), (2, 4), (1, 4), (4, 5), (0, 6)]
[1, 1, 1, 0, 1, 1]

111
[(0, 2), (0, 4), (0, 6), (1, 3), (1, 5), (1, 6), (2, 4), (2, 6), (3, 4), (3, 6), (4, 6)]
3
[3, 1, 5, 6, 0, 2, 4]
[(1, 3), (1, 5), (1, 6), (0, 6), (0, 2), (2, 4)]
[(0, 4), (2, 6), (3, 4), (3, 6), (4, 6)]
[3, 1, 4, 6, 5, 0, 2]
[(1, 3), (3, 4), (3, 6), (1, 5), (0, 4), (2, 4)]
[(0, 2), (0, 6), (1, 6), (2, 6), (4, 6)]
[(0, 6), (1, 5), (1, 6), (1, 3), (0, 2), (2, 6)]
[1, 1, 1, 1, 1, 0]
[(4, 6), (3, 4), (3, 6), (0, 4), (1, 5), (1, 3)]
[0, 1, 1, 1, 1, 1]

112
[(0, 1), (0, 2), (0, 3), (0, 5), (1, 2), (1, 4), (1, 5), (1, 6), (2, 6), (3, 5), (5, 6)]
3
[3, 0, 1, 2, 6, 5, 4]
[(0, 3), (0, 1), (1, 2), (2, 6), (5, 6), (1, 4)]
[(0, 2), (0, 5), (1, 5), (1, 6), (3, 5)]
[3, 0, 5, 1, 2, 6, 4]
[(0, 3), (3, 5), (0, 1), (0, 2), (5, 6), (1, 4)]
[(0, 5), (1, 2), (1, 5), (1, 6), (2, 6)]
[(1, 5), (0, 2), (0, 5), (1, 6), (0, 3), (1, 4)]
[0, 0, 0, 0, 1, 1]
[(0, 3), (2, 6), (3, 5), (0, 2), (5, 6), (1, 5)]
[1, 0, 1, 1, 1, 0]

113
[(0, 1), (0, 2), (0, 6), (1, 3), (1, 4), (1, 6), (2, 3), (2, 5), (3, 4), (3, 6), (4, 6)]
0
[0, 1, 3, 2, 5, 4, 6]
[(0, 1), (1, 3), (2, 3), (2, 5), (3, 4), (4, 6)]
[(0, 2), (0, 6), (1, 4), (1, 6), (3, 6)]
[0, 1, 2, 6, 3, 4, 5]
[(0, 1), (0, 2), (0, 6), (1, 3), (1, 4), (2, 5)]
[(1, 6), (2, 3), (3, 4), (3, 6), (4, 6)]
[(2, 3), (3, 4), (0, 6), (1, 6), (1, 3), (2, 5)]
[1, 1, 0, 0, 1, 1]
[(1, 4), (0, 2), (0, 6), (3, 4), (0, 1), (3, 6)]
[1, 1, 1, 0, 1, 0]

114
[(0, 2), (1, 2), (1, 5), (2, 4), (2, 5), (2, 6), (3, 5), (3, 6), (4, 6), (5, 6)]
3
[3, 5, 1, 2, 0, 4, 6]
[(3, 5), (1, 5), (1, 2), (0, 2), (2, 4), (4, 6)]
[(2, 5), (2, 6), (3, 6), (5, 6)]
[3, 5, 6, 1, 2, 4, 0]
[(3, 5), (3, 6), (1, 5), (2, 5), (4, 6), (0, 2)]
[(1, 2), (2, 4), (2, 6), (5, 6)]
[(3, 6), (4, 6), (0, 2), (5, 6), (1, 2), (2, 5)]
[0, 1, 1, 0, 1, 0]
[(3, 6), (4, 6), (2, 4), (2, 5), (3, 5), (5, 6)]
[1, 1, 0, 1, 1, 0]

115
[(0, 1), (0, 2), (0, 6), (1, 5), (1, 6), (2, 3), (2, 5), (3, 4), (3, 5), (5, 6)]
0
[0, 1, 5, 2, 3, 4, 6]
[(0, 1), (1, 5), (2, 5), (2, 3), (3, 4), (5, 6)]
[(0, 2), (0, 6), (1, 6), (3, 5)]
[0, 1, 2, 6, 5, 3, 4]
[(0, 1), (0, 2), (0, 6), (1, 5), (2, 3), (3, 4)]
[(1, 6), (2, 5), (3, 5), (5, 6)]
[(2, 3), (3, 5), (0, 1), (0, 2), (0, 6), (1, 5)]
[1, 0, 1, 0, 0, 1]
[(2, 3), (0, 1), (0, 6), (0, 2), (2, 5), (3, 4)]
[1, 1, 1, 1, 0, 1]

116
[(0, 3), (0, 4), (1, 4), (1, 5), (2, 3), (2, 4), (3, 4), (3, 6), (4, 5), (4, 6)]
0
[0, 3, 2, 4, 1, 5, 6]
[(0, 3), (2, 3), (2, 4), (1, 4), (1, 5), (4, 6)]
[(0, 4), (3, 4), (3, 6), (4, 5)]
[0, 3, 4, 2, 6, 1, 5]
[(0, 3), (0, 4), (2, 3), (3, 6), (1, 4), (4, 5)]
[(1, 5), (2, 4), (3, 4), (4, 6)]
[(1, 4), (0, 3), (2, 4), (4, 6), (2, 3), (3, 6)]
[1, 1, 1, 1, 1, 0]
[(2, 4), (0, 3), (3, 4), (4, 6), (1, 5), (3, 6)]
[0, 1, 0, 0, 0, 1]

117
[(0, 2), (0, 3), (0, 6), (1, 5), (1, 6), (2, 4), (2, 5), (3, 4), (4, 6)]
1
[1, 5, 2, 0, 3, 4, 6]
[(1, 5), (2, 5), (0, 2), (0, 3), (3, 4), (4, 6)]
[(0, 6), (1, 6), (2, 4)]
[1, 5, 6, 2, 0, 4, 3]
[(1, 5), (1, 6), (2, 5), (0, 6), (4, 6), (0, 3)]
[(0, 2), (2, 4), (3, 4)]
[(3, 4), (1, 6), (2, 4), (1, 5), (0, 6), (4, 6)]
[1, 0, 0, 1, 0, 1]
[(4, 6), (0, 6), (2, 5), (1, 5), (0, 3), (0, 2)]
[1, 1, 1, 1, 1, 0]

118
[(0, 2), (0, 4), (0, 5), (0, 6), (1, 3), (1, 6), (2, 4), (2, 5), (3, 4), (3, 5)]
6
[6, 0, 2, 4, 3, 1, 5]
[(0, 6), (0, 2), (2, 4), (3, 4), (1, 3), (3, 5)]
[(0, 4), (0, 5), (1, 6), (2, 5)]
[6, 0, 1, 2, 4, 5, 3]
[(0, 6), (1, 6), (0, 2), (0, 4), (0, 5), (1, 3)]
[(2, 4), (2, 5), (3, 4), (3, 5)]
[(0, 6), (0, 2), (1, 3), (0, 4), (3, 4), (0, 5)]
[1, 1, 1, 0, 1, 0]
[(3, 4), (0, 6), (0, 5), (3, 5), (2, 5), (2, 4)]
[0, 1, 1, 0, 0, 0]

119
[(0, 4), (1, 3), (1, 4), (1, 6), (2, 4), (2, 5), (2, 6), (3, 4), (4, 5), (5, 6)]
6
[6, 1, 3, 4, 0, 2, 5]
[(1, 6), (1, 3), (3, 4), (0, 4), (2, 4), (2, 5)]
[(1, 4), (2, 6), (4, 5), (5, 6)]
[6, 1, 2, 5, 3, 4, 0]
[(1, 6), (2, 6), (5, 6), (1, 3), (1, 4), (0, 4)]
[(2, 4), (2, 5), (3, 4), (4, 5)]
[(3, 4), (2, 4), (4, 5), (0, 4), (2, 5), (1, 6)]
[1, 1, 0, 1, 1, 1]
[(1, 3), (2, 4), (5, 6), (2, 6), (1, 4), (1, 6)]
[1, 0, 1, 1, 1, 1]

120
[(0, 4), (0, 5), (1, 5), (2, 3), (2, 5), (2, 6), (3, 5), (3, 6), (4, 6)]
1
[1, 5, 0, 4, 6, 2, 3]
[(1, 5), (0, 5), (0, 4), (4, 6), (2, 6), (2, 3)]
[(2, 5), (3, 5), (3, 6)]
[1, 5, 0, 2, 3, 4, 6]
[(1, 5), (0, 5), (2, 5), (3, 5), (0, 4), (2, 6)]
[(2, 3), (3, 6), (4, 6)]
[(4, 6), (1, 5), (0, 4), (3, 6), (0, 5), (2, 3)]
[1, 1, 1, 0, 1, 1]
[(3, 6), (4, 6), (1, 5), (2, 6), (3, 5), (2, 3)]
[0, 0, 1, 1, 1, 0]

121
[(0, 2), (1, 2), (1, 4), (1, 5), (1, 6), (2, 4), (2, 5), (2, 6), (3, 6), (4, 6)]
0
[0, 2, 1, 4, 6, 3, 5]
[(0, 2), (1, 2), (1, 4), (4, 6), (3, 6), (1, 5)]
[(1, 6), (2, 4), (2, 5), (2, 6)]
[0, 2, 1, 4, 5, 6, 3]
[(0, 2), (1, 2), (2, 4), (2, 5), (2, 6), (3, 6)]
[(1, 4), (1, 5), (1, 6), (4, 6)]
[(0, 2), (2, 4), (3, 6), (2, 6), (1, 6), (1, 5)]
[1, 0, 1, 0, 0, 1]
[(1, 6), (0, 2), (2, 4), (1, 4), (2, 6), (3, 6)]
[0, 1, 1, 0, 1, 1]

122
[(0, 1), (1, 4), (2, 4), (2, 5), (2, 6), (3, 4), (3, 5), (4, 5), (4, 6)]
3
[3, 4, 1, 0, 2, 5, 6]
[(3, 4), (1, 4), (0, 1), (2, 4), (2, 5), (2, 6)]
[(3, 5), (4, 5), (4, 6)]
[3, 4, 5, 1, 2, 6, 0]
[(3, 4), (3, 5), (1, 4), (2, 4), (4, 6), (0, 1)]
[(2, 5), (2, 6), (4, 5)]
[(4, 5), (4, 6), (1, 4), (2, 4), (3, 5), (3, 4)]
[0, 0, 1, 1, 0, 1]
[(4, 6), (2, 5), (2, 6), (1, 4), (3, 4), (4, 5)]
[1, 0, 0, 1, 1, 0]

123
[(0, 2), (0, 3), (0, 5), (0, 6), (1, 2), (2, 3), (2, 4), (2, 5), (2, 6), (3, 5), (4, 6)]
3
[3, 0, 2, 1, 4, 6, 5]
[(0, 3), (0, 2), (1, 2), (2, 4), (4, 6), (2, 5)]
[(0, 5), (0, 6), (2, 3), (2, 6), (3, 5)]
[3, 0, 2, 5, 6, 1, 4]
[(0, 3), (2, 3), (3, 5), (0, 6), (1, 2), (2, 4)]
[(0, 2), (0, 5), (2, 5), (2, 6), (4, 6)]
[(2, 4), (0, 3), (3, 5), (2, 3), (2, 6), (4, 6)]
[1, 1, 0, 0, 0, 1]
[(3, 5), (1, 2), (0, 3), (2, 5), (2, 4), (2, 3)]
[1, 1, 1, 0, 1, 1]

124
[(0, 1), (0, 2), (0, 4), (0, 6), (1, 4), (1, 6), (2, 6), (3, 5), (5, 6)]
4
[4, 0, 1, 6, 2, 5, 3]
[(0, 4), (0, 1), (1, 6), (2, 6), (5, 6), (3, 5)]
[(0, 2), (0, 6), (1, 4)]
[4, 0, 1, 2, 6, 5, 3]
[(0, 4), (1, 4), (0, 2), (0, 6), (5, 6), (3, 5)]
[(0, 1), (1, 6), (2, 6)]
[(0, 6), (0, 2), (1, 4), (0, 1), (5, 6), (0, 4)]
[0, 0, 0, 1, 1, 1]
[(0, 2), (0, 6), (1, 6), (0, 4), (5, 6), (3, 5)]
[1, 1, 0, 1, 1, 1]

125
[(0, 1), (0, 6), (1, 3), (1, 4), (1, 6), (2, 4), (2, 6), (3, 5), (5, 6)]
5
[5, 3, 1, 0, 6, 2, 4]
[(3, 5), (1, 3), (0, 1), (0, 6), (2, 6), (2, 4)]
[(1, 4), (1, 6), (5, 6)]
[5, 3, 6, 1, 0, 2, 4]
[(3, 5), (5, 6), (1, 3), (0, 6), (2, 6), (1, 4)]
[(0, 1), (1, 6), (2, 4)]
[(0, 1), (0, 6), (1, 4), (1, 6), (1, 3), (5, 6)]
[1, 1, 0, 0, 1, 0]
[(5, 6), (1, 6), (0, 1), (2, 4), (3, 5), (1, 4)]
[1, 0, 0, 0, 1, 1]

126
[(0, 1), (0, 3), (0, 5), (1, 3), (1, 5), (2, 4), (2, 5), (3, 5), (4, 6), (5, 6)]
2
[2, 4, 6, 5, 0, 1, 3]
[(2, 4), (4, 6), (5, 6), (0, 5), (0, 1), (1, 3)]
[(0, 3), (1, 5), (2, 5), (3, 5)]
[2, 4, 5, 6, 0, 1, 3]
[(2, 4), (2, 5), (4, 6), (0, 5), (1, 5), (3, 5)]
[(0, 1), (0, 3), (1, 3), (5, 6)]
[(5, 6), (2, 5), (1, 5), (4, 6), (0, 3), (3, 5)]
[1, 0, 0, 1, 0, 0]
[(0, 3), (0, 5), (3, 5), (5, 6), (0, 1), (1, 3)]
[0, 1, 1, 0, 0, 0]

127
[(0, 1), (0, 2), (0, 3), (1, 3), (1, 6), (2, 5), (2, 6), (3, 5), (4, 5), (4, 6)]
3
[3, 0, 1, 6, 2, 5, 4]
[(0, 3), (0, 1), (1, 6), (2, 6), (2, 5), (4, 5)]
[(0, 2), (1, 3), (3, 5), (4, 6)]
[3, 0, 1, 5, 2, 6, 4]
[(0, 3), (1, 3), (3, 5), (0, 2), (1, 6), (4, 5)]
[(0, 1), (2, 5), (2, 6), (4, 6)]
[(4, 6), (0, 3), (1, 3), (2, 6), (2, 5), (3, 5)]
[0, 1, 0, 1, 1, 0]
[(0, 2), (1, 3), (2, 6), (0, 3), (4, 5), (3, 5)]
[1, 1, 0, 1, 1, 1]

128
[(0, 2), (0, 3), (0, 5), (0, 6), (1, 4), (3, 4), (3, 5), (3, 6), (4, 5), (5, 6)]
1
[1, 4, 3, 0, 2, 5, 6]
[(1, 4), (3, 4), (0, 3), (0, 2), (0, 5), (5, 6)]
[(0, 6), (3, 5), (3, 6), (4, 5)]
[1, 4, 3, 5, 0, 6, 2]
[(1, 4), (3, 4), (4, 5), (0, 3), (3, 6), (0, 2)]
[(0, 5), (0, 6), (3, 5), (5, 6)]
[(0, 3), (0, 5), (0, 2), (3, 4), (5, 6), (3, 5)]
[1, 1, 1, 1, 1, 0]
[(3, 6), (0, 2), (5, 6), (0, 5), (4, 5), (0, 6)]
[1, 1, 0, 0, 1, 0]

129
[(0, 1), (0, 2), (0, 3), (0, 6), (1, 3), (1, 5), (2, 4), (2, 6), (3, 5), (3, 6), (5, 6)]
0
[0, 1, 3, 5, 6, 2, 4]
[(0, 1), (1, 3), (3, 5), (5, 6), (2, 6), (2, 4)]
[(0, 2), (0, 3), (0, 6), (1, 5), (3, 6)]
[0, 1, 2, 3, 6, 5, 4]
[(0, 1), (0, 2), (0, 3), (0, 6), (1, 5), (2, 4)]
[(1, 3), (2, 6), (3, 5), (3, 6), (5, 6)]
[(2, 6), (2, 4), (0, 1), (0, 2), (0, 3), (3, 5)]
[1, 1, 1, 0, 0, 1]
[(0, 6), (1, 5), (2, 6), (0, 3), (3, 6), (3, 5)]
[1, 1, 0, 1, 0, 0]

130
[(0, 4), (0, 6), (1, 2), (1, 6), (2, 3), (2, 4), (2, 5), (4, 6), (5, 6)]
3
[3, 2, 1, 6, 0, 4, 5]
[(2, 3), (1, 2), (1, 6), (0, 6), (0, 4), (5, 6)]
[(2, 4), (2, 5), (4, 6)]
[3, 2, 1, 4, 5, 6, 0]
[(2, 3), (1, 2), (2, 4), (2, 5), (1, 6), (0, 4)]
[(0, 6), (4, 6), (5, 6)]
[(1, 6), (2, 4), (5, 6), (1, 2), (2, 5), (4, 6)]
[1, 0, 1, 1, 0, 0]
[(5, 6), (1, 6), (2, 3), (4, 6), (2, 4), (0, 6)]
[0, 1, 1, 0, 1, 0]

131
[(0, 4), (0, 6), (1, 3), (1, 5), (2, 3), (2, 5), (2, 6), (3, 6), (4, 6)]
6
[6, 0, 4, 2, 3, 1, 5]
[(0, 6), (0, 4), (2, 6), (2, 3), (1, 3), (1, 5)]
[(2, 5), (3, 6), (4, 6)]
[6, 0, 2, 3, 4, 5, 1]
[(0, 6), (2, 6), (3, 6), (4, 6), (2, 5), (1, 3)]
[(0, 4), (1, 5), (2, 3)]
[(1, 5), (2, 6), (1, 3), (2, 5), (0, 4), (2, 3)]
[1, 1, 1, 0, 1, 1]
[(1, 5), (3, 6), (2, 5), (4, 6), (0, 6), (0, 4)]
[0, 1, 1, 1, 1, 0]

132
[(0, 4), (0, 6), (1, 3), (2, 3), (2, 4), (2, 5), (2, 6), (3, 4), (3, 5), (4, 6)]
4
[4, 0, 6, 2, 3, 1, 5]
[(0, 4), (0, 6), (2, 6), (2, 3), (1, 3), (3, 5)]
[(2, 4), (2, 5), (3, 4), (4, 6)]
[4, 0, 2, 3, 6, 5, 1]
[(0, 4), (2, 4), (3, 4), (4, 6), (2, 5), (1, 3)]
[(0, 6), (2, 3), (2, 6), (3, 5)]
[(4, 6), (0, 4), (2, 4), (3, 5), (2, 5), (3, 4)]
[0, 1, 0, 1, 0, 0]
[(2, 6), (0, 6), (2, 3), (0, 4), (2, 4), (3, 5)]
[0, 0, 0, 1, 1, 0]

133
[(0, 3), (0, 5), (1, 2), (1, 3), (1, 4), (1, 6), (2, 3), (3, 5), (4, 5), (5, 6)]
6
[6, 1, 2, 3, 0, 5, 4]
[(1, 6), (1, 2), (2, 3), (0, 3), (0, 5), (4, 5)]
[(1, 3), (1, 4), (3, 5), (5, 6)]
[6, 1, 5, 2, 3, 4, 0]
[(1, 6), (5, 6), (1, 2), (1, 3), (1, 4), (0, 5)]
[(0, 3), (2, 3), (3, 5), (4, 5)]
[(0, 5), (1, 3), (3, 5), (1, 4), (1, 6), (1, 2)]
[1, 0, 0, 0, 1, 1]
[(0, 3), (0, 5), (4, 5), (5, 6), (2, 3), (1, 2)]
[0, 1, 0, 1, 0, 1]

134
[(0, 1), (0, 3), (1, 2), (1, 3), (1, 4), (1, 5), (1, 6), (2, 4), (5, 6)]
1
[1, 0, 3, 2, 4, 5, 6]
[(0, 1), (0, 3), (1, 2), (2, 4), (1, 5), (5, 6)]
[(1, 3), (1, 4), (1, 6)]
[1, 0, 2, 3, 4, 5, 6]
[(0, 1), (1, 2), (1, 3), (1, 4), (1, 5), (1, 6)]
[(0, 3), (2, 4), (5, 6)]
[(1, 3), (1, 6), (2, 4), (1, 2), (5, 6), (0, 1)]
[0, 0, 1, 1, 1, 1]
[(1, 6), (0, 3), (1, 2), (5, 6), (1, 4), (1, 3)]
[1, 0, 1, 0, 1, 1]

135
[(0, 1), (0, 4), (0, 6), (1, 3), (2, 3), (2, 4), (2, 6), (3, 6), (4, 5), (5, 6)]
6
[6, 0, 1, 3, 2, 4, 5]
[(0, 6), (0, 1), (1, 3), (2, 3), (2, 4), (4, 5)]
[(0, 4), (2, 6), (3, 6), (5, 6)]
[6, 0, 2, 3, 5, 1, 4]
[(0, 6), (2, 6), (3, 6), (5, 6), (0, 1), (0, 4)]
[(1, 3), (2, 3), (2, 4), (4, 5)]
[(2, 3), (2, 4), (0, 4), (3, 6), (4, 5), (5, 6)]
[1, 1, 0, 0, 1, 0]
[(0, 4), (2, 4), (3, 6), (0, 6), (1, 3), (5, 6)]
[1, 0, 1, 1, 0, 1]

136
[(0, 2), (0, 3), (0, 4), (0, 6), (1, 4), (2, 3), (2, 4), (2, 6), (3, 5), (4, 5), (5, 6)]
1
[1, 4, 0, 2, 3, 5, 6]
[(1, 4), (0, 4), (0, 2), (2, 3), (3, 5), (5, 6)]
[(0, 3), (0, 6), (2, 4), (2, 6), (4, 5)]
[1, 4, 0, 2, 5, 3, 6]
[(1, 4), (0, 4), (2, 4), (4, 5), (0, 3), (0, 6)]
[(0, 2), (2, 3), (2, 6), (3, 5), (5, 6)]
[(3, 5), (1, 4), (2, 6), (2, 4), (0, 6), (4, 5)]
[1, 1, 0, 0, 0, 0]
[(0, 3), (0, 6), (0, 4), (3, 5), (2, 4), (4, 5)]
[1, 1, 1, 0, 1, 1]

137
[(0, 2), (0, 4), (0, 5), (0, 6), (1, 3), (1, 4), (1, 5), (2, 4), (2, 5), (3, 4), (4, 5)]
2
[2, 0, 4, 1, 3, 5, 6]
[(0, 2), (0, 4), (1, 4), (1, 3), (1, 5), (0, 6)]
[(0, 5), (2, 4), (2, 5), (3, 4), (4, 5)]
[2, 0, 4, 5, 6, 1, 3]
[(0, 2), (2, 4), (2, 5), (0, 6), (1, 4), (3, 4)]
[(0, 4), (0, 5), (1, 3), (1, 5), (4, 5)]
[(1, 3), (0, 6), (2, 5), (3, 4), (2, 4), (1, 4)]
[1, 1, 0, 0, 0, 1]
[(4, 5), (0, 5), (0, 4), (2, 5), (0, 6), (0, 2)]
[0, 0, 0, 1, 1, 1]

138
[(0, 2), (0, 3), (1, 2), (1, 3), (1, 4), (1, 5), (2, 4), (2, 5), (3, 4), (3, 5), (4, 6)]
1
[1, 2, 0, 3, 4, 6, 5]
[(1, 2), (0, 2), (0, 3), (3, 4), (4, 6), (3, 5)]
[(1, 3), (1, 4), (1, 5), (2, 4), (2, 5)]
[1, 2, 3, 4, 5, 0, 6]
[(1, 2), (1, 3), (1, 4), (1, 5), (0, 2), (4, 6)]
[(0, 3), (2, 4), (2, 5), (3, 4), (3, 5)]
[(1, 4), (4, 6), (1, 5), (0, 3), (3, 5), (1, 2)]
[0, 1, 0, 1, 1, 1]
[(3, 4), (2, 5), (0, 3), (0, 2), (1, 3), (1, 2)]
[0, 0, 0, 1, 1, 1]

139
[(0, 3), (0, 4), (0, 6), (1, 4), (2, 4), (2, 5), (2, 6), (3, 4), (3, 5), (5, 6)]
0
[0, 3, 4, 1, 2, 5, 6]
[(0, 3), (3, 4), (1, 4), (2, 4), (2, 5), (5, 6)]
[(0, 4), (0, 6), (2, 6), (3, 5)]
[0, 3, 4, 6, 5, 1, 2]
[(0, 3), (0, 4), (0, 6), (3, 5), (1, 4), (2, 4)]
[(2, 5), (2, 6), (3, 4), (5, 6)]
[(3, 5), (1, 4), (0, 3), (2, 6), (0, 4), (3, 4)]
[0, 1, 1, 0, 0, 1]
[(5, 6), (0, 6), (2, 6), (3, 4), (1, 4), (2, 4)]
[0, 1, 0, 0, 1, 1]

140
[(0, 1), (0, 3), (0, 4), (0, 6), (1, 2), (1, 4), (1, 5), (1, 6), (2, 4), (2, 5)]
5
[5, 1, 0, 3, 4, 2, 6]
[(1, 5), (0, 1), (0, 3), (0, 4), (2, 4), (0, 6)]
[(1, 2), (1, 4), (1, 6), (2, 5)]
[5, 1, 2, 0, 4, 6, 3]
[(1, 5), (2, 5), (0, 1), (1, 4), (1, 6), (0, 3)]
[(0, 4), (0, 6), (1, 2), (2, 4)]
[(0, 1), (2, 4), (0, 6), (2, 5), (1, 5), (1, 2)]
[1, 1, 1, 0, 1, 0]
[(0, 3), (1, 5), (1, 6), (0, 1), (2, 5), (2, 4)]
[1, 1, 1, 1, 1, 0]

141
[(0, 2), (0, 4), (0, 6), (1, 2), (1, 6), (2, 3), (2, 4), (3, 5), (4, 6)]
2
[2, 0, 4, 6, 1, 3, 5]
[(0, 2), (0, 4), (4, 6), (1, 6), (2, 3), (3, 5)]
[(0, 6), (1, 2), (2, 4)]
[2, 0, 1, 3, 4, 6, 5]
[(0, 2), (1, 2), (2, 3), (2, 4), (0, 6), (3, 5)]
[(0, 4), (1, 6), (4, 6)]
[(2, 3), (0, 2), (4, 6), (3, 5), (2, 4), (0, 4)]
[1, 1, 1, 1, 0, 1]
[(3, 5), (1, 2), (2, 3), (0, 4), (4, 6), (1, 6)]
[1, 1, 1, 0, 0, 0]

142
[(0, 3), (0, 4), (1, 2), (1, 3), (1, 5), (3, 4), (4, 5), (4, 6), (5, 6)]
0
[0, 3, 1, 2, 5, 4, 6]
[(0, 3), (1, 3), (1, 2), (1, 5), (4, 5), (4, 6)]
[(0, 4), (3, 4), (5, 6)]
[0, 3, 4, 1, 5, 6, 2]
[(0, 3), (0, 4), (1, 3), (4, 5), (4, 6), (1, 2)]
[(1, 5), (3, 4), (5, 6)]
[(1, 5), (4, 5), (5, 6), (1, 2), (4, 6), (1, 3)]
[1, 1, 0, 1, 1, 1]
[(1, 2), (0, 3), (3, 4), (0, 4), (5, 6), (1, 5)]
[1, 1, 0, 1, 0, 0]

143
[(0, 2), (0, 4), (0, 6), (1, 4), (1, 5), (3, 4), (3, 6), (4, 6), (5, 6)]
2
[2, 0, 4, 1, 5, 6, 3]
[(0, 2), (0, 4), (1, 4), (1, 5), (5, 6), (3, 6)]
[(0, 6), (3, 4), (4, 6)]
[2, 0, 4, 6, 1, 3, 5]
[(0, 2), (0, 4), (0, 6), (1, 4), (3, 4), (5, 6)]
[(1, 5), (3, 6), (4, 6)]
[(0, 6), (5, 6), (4, 6), (0, 2), (3, 4), (3, 6)]
[0, 1, 0, 1, 0, 1]
[(3, 4), (4, 6), (1, 5), (0, 6), (3, 6), (5, 6)]
[1, 0, 0, 1, 0, 1]

144
[(0, 1), (0, 5), (1, 2), (1, 3), (1, 4), (1, 6), (2, 6), (3, 5), (4, 5)]
2
[2, 1, 0, 5, 3, 4, 6]
[(1, 2), (0, 1), (0, 5), (3, 5), (4, 5), (1, 6)]
[(1, 3), (1, 4), (2, 6)]
[2, 1, 6, 0, 3, 4, 5]
[(1, 2), (2, 6), (0, 1), (1, 3), (1, 4), (0, 5)]
[(1, 6), (3, 5), (4, 5)]
[(0, 5), (1, 6), (3, 5), (2, 6), (1, 4), (0, 1)]
[1, 1, 1, 0, 0, 1]
[(1, 6), (3, 5), (0, 1), (4, 5), (1, 2), (2, 6)]
[0, 0, 1, 0, 1, 1]

145
[(0, 5), (0, 6), (1, 2), (1, 3), (2, 4), (2, 5), (2, 6), (3, 4), (3, 5)]
2
[2, 1, 3, 4, 5, 0, 6]
[(1, 2), (1, 3), (3, 4), (3, 5), (0, 5), (0, 6)]
[(2, 4), (2, 5), (2, 6)]
[2, 1, 4, 5, 6, 3, 0]
[(1, 2), (2, 4), (2, 5), (2, 6), (1, 3), (0, 5)]
[(0, 6), (3, 4), (3, 5)]
[(2, 5), (2, 4), (1, 3), (0, 5), (2, 6), (0, 6)]
[0, 0, 1, 1, 0, 1]
[(2, 6), (3, 5), (2, 4), (2, 5), (3, 4), (0, 5)]
[1, 0, 1, 1, 0, 1]

146
[(0, 1), (0, 2), (0, 3), (1, 2), (1, 3), (1, 4), (2, 6), (3, 6), (4, 5)]
0
[0, 1, 2, 6, 3, 4, 5]
[(0, 1), (1, 2), (2, 6), (3, 6), (1, 4), (4, 5)]
[(0, 2), (0, 3), (1, 3)]
[0, 1, 2, 3, 4, 6, 5]
[(0, 1), (0, 2), (0, 3), (1, 4), (2, 6), (4, 5)]
[(1, 2), (1, 3), (3, 6)]
[(0, 3), (4, 5), (2, 6), (1, 3), (1, 4), (3, 6)]
[0, 1, 1, 0, 1, 1]
[(0, 1), (1, 2), (0, 2), (2, 6), (3, 6), (1, 3)]
[1, 0, 1, 1, 0, 0]

147
[(0, 2), (0, 3), (0, 4), (0, 6), (1, 2), (1, 3), (1, 5), (2, 6), (3, 5)]
3
[3, 0, 2, 1, 5, 6, 4]
[(0, 3), (0, 2), (1, 2), (1, 5), (2, 6), (0, 4)]
[(0, 6), (1, 3), (3, 5)]
[3, 0, 1, 5, 2, 4, 6]
[(0, 3), (1, 3), (3, 5), (0, 2), (0, 4), (0, 6)]
[(1, 2), (1, 5), (2, 6)]
[(0, 3), (0, 6), (1, 5), (0, 4), (1, 3), (2, 6)]
[1, 0, 1, 1, 0, 1]
[(2, 6), (0, 2), (0, 4), (0, 3), (1, 2), (1, 3)]
[0, 1, 1, 1, 0, 1]

148
[(0, 4), (1, 4), (1, 5), (2, 4), (2, 6), (3, 4), (3, 5), (4, 5), (4, 6), (5, 6)]
1
[1, 4, 0, 2, 6, 5, 3]
[(1, 4), (0, 4), (2, 4), (2, 6), (5, 6), (3, 5)]
[(1, 5), (3, 4), (4, 5), (4, 6)]
[1, 4, 5, 0, 2, 3, 6]
[(1, 4), (1, 5), (0, 4), (2, 4), (3, 4), (4, 6)]
[(2, 6), (3, 5), (4, 5), (5, 6)]
[(2, 4), (2, 6), (4, 5), (1, 4), (4, 6), (3, 4)]
[1, 1, 0, 1, 0, 0]
[(3, 4), (0, 4), (2, 6), (4, 5), (3, 5), (5, 6)]
[1, 1, 0, 0, 0, 0]

149
[(0, 1), (0, 3), (0, 4), (0, 5), (0, 6), (1, 2), (2, 4), (2, 5), (3, 6), (5, 6)]
2
[2, 1, 0, 3, 6, 5, 4]
[(1, 2), (0, 1), (0, 3), (3, 6), (5, 6), (0, 4)]
[(0, 5), (0, 6), (2, 4), (2, 5)]
[2, 1, 4, 5, 0, 6, 3]
[(1, 2), (2, 4), (2, 5), (0, 1), (5, 6), (0, 3)]
[(0, 4), (0, 5), (0, 6), (3, 6)]
[(0, 3), (0, 4), (2, 5), (2, 4), (0, 5), (5, 6)]
[1, 1, 0, 0, 0, 1]
[(0, 4), (0, 6), (5, 6), (3, 6), (2, 5), (0, 5)]
[0, 0, 1, 0, 1, 0]

150
[(0, 2), (0, 3), (0, 4), (1, 2), (2, 4), (2, 5), (3, 5), (4, 5), (4, 6), (5, 6)]
5
[5, 2, 0, 3, 4, 6, 1]
[(2, 5), (0, 2), (0, 3), (0, 4), (4, 6), (1, 2)]
[(2, 4), (3, 5), (4, 5), (5, 6)]
[5, 2, 3, 4, 6, 0, 1]
[(2, 5), (3, 5), (4, 5), (5, 6), (0, 2), (1, 2)]
[(0, 3), (0, 4), (2, 4), (4, 6)]
[(2, 4), (5, 6), (2, 5), (3, 5), (4, 5), (1, 2)]
[0, 0, 1, 0, 0, 1]
[(0, 2), (2, 5), (4, 6), (5, 6), (1, 2), (3, 5)]
[1, 1, 0, 1, 1, 1]

151
[(0, 1), (0, 2), (1, 3), (1, 6), (2, 5), (2, 6), (3, 5), (3, 6), (4, 6)]
5
[5, 2, 0, 1, 3, 6, 4]
[(2, 5), (0, 2), (0, 1), (1, 3), (3, 6), (4, 6)]
[(1, 6), (2, 6), (3, 5)]
[5, 2, 3, 0, 6, 1, 4]
[(2, 5), (3, 5), (0, 2), (2, 6), (1, 3), (4, 6)]
[(0, 1), (1, 6), (3, 6)]
[(0, 2), (1, 6), (2, 5), (4, 6), (3, 5), (2, 6)]
[1, 0, 1, 1, 0, 0]
[(3, 6), (0, 1), (0, 2), (1, 6), (4, 6), (1, 3)]
[0, 0, 1, 0, 1, 1]

152
[(0, 2), (0, 3), (0, 4), (0, 6), (1, 2), (1, 4), (2, 3), (2, 4), (2, 5), (3, 6), (4, 6)]
1
[1, 2, 0, 3, 6, 4, 5]
[(1, 2), (0, 2), (0, 3), (3, 6), (4, 6), (2, 5)]
[(0, 4), (0, 6), (1, 4), (2, 3), (2, 4)]
[1, 2, 4, 0, 3, 5, 6]
[(1, 2), (1, 4), (0, 2), (2, 3), (2, 5), (4, 6)]
[(0, 3), (0, 4), (0, 6), (2, 4), (3, 6)]
[(4, 6), (0, 3), (3, 6), (2, 3), (1, 2), (2, 4)]
[1, 1, 1, 0, 1, 0]
[(3, 6), (1, 2), (0, 3), (4, 6), (1, 4), (0, 4)]
[0, 1, 0, 1, 1, 0]

153
[(0, 1), (0, 2), (0, 3), (0, 6), (1, 5), (2, 4), (2, 5), (2, 6), (4, 5), (4, 6), (5, 6)]
3
[3, 0, 1, 5, 2, 4, 6]
[(0, 3), (0, 1), (1, 5), (2, 5), (2, 4), (4, 6)]
[(0, 2), (0, 6), (2, 6), (4, 5), (5, 6)]
[3, 0, 1, 2, 6, 5, 4]
[(0, 3), (0, 1), (0, 2), (0, 6), (1, 5), (2, 4)]
[(2, 5), (2, 6), (4, 5), (4, 6), (5, 6)]
[(4, 5), (0, 3), (4, 6), (1, 5), (2, 6), (0, 2)]
[0, 1, 1, 1, 0, 0]
[(5, 6), (4, 6), (0, 6), (2, 4), (2, 5), (2, 6)]
[0, 0, 1, 1, 0, 0]

154
[(0, 2), (0, 6), (1, 6), (2, 3), (2, 5), (2, 6), (3, 4), (4, 6), (5, 6)]
6
[6, 0, 2, 3, 4, 5, 1]
[(0, 6), (0, 2), (2, 3), (3, 4), (2, 5), (1, 6)]
[(2, 6), (4, 6), (5, 6)]
[6, 0, 1, 2, 4, 5, 3]
[(0, 6), (1, 6), (2, 6), (4, 6), (5, 6), (2, 3)]
[(0, 2), (2, 5), (3, 4)]
[(5, 6), (4, 6), (0, 2), (2, 6), (2, 5), (3, 4)]
[0, 0, 1, 0, 1, 1]
[(3, 4), (0, 6), (2, 6), (0, 2), (2, 3), (2, 5)]
[0, 1, 1, 0, 1, 0]

155
[(0, 2), (0, 3), (0, 5), (0, 6), (1, 3), (1, 4), (1, 6), (3, 4), (3, 5), (4, 6), (5, 6)]
1
[1, 3, 0, 2, 5, 6, 4]
[(1, 3), (0, 3), (0, 2), (0, 5), (5, 6), (4, 6)]
[(0, 6), (1, 4), (1, 6), (3, 4), (3, 5)]
[1, 3, 4, 6, 0, 5, 2]
[(1, 3), (1, 4), (1, 6), (0, 3), (3, 5), (0, 2)]
[(0, 5), (0, 6), (3, 4), (4, 6), (5, 6)]
[(1, 3), (1, 4), (4, 6), (0, 3), (0, 6), (0, 5)]
[1, 0, 1, 1, 0, 1]
[(3, 4), (0, 6), (0, 5), (1, 6), (0, 3), (5, 6)]
[0, 0, 0, 1, 1, 0]

156
[(0, 1), (0, 5), (1, 2), (1, 4), (1, 6), (2, 3), (2, 5), (3, 6), (4, 5), (5, 6)]
3
[3, 2, 1, 0, 5, 4, 6]
[(2, 3), (1, 2), (0, 1), (0, 5), (4, 5), (5, 6)]
[(1, 4), (1, 6), (2, 5), (3, 6)]
[3, 2, 6, 1, 5, 0, 4]
[(2, 3), (3, 6), (1, 2), (2, 5), (0, 1), (1, 4)]
[(0, 5), (1, 6), (4, 5), (5, 6)]
[(1, 4), (2, 3), (5, 6), (0, 5), (1, 2), (2, 5)]
[0, 1, 1, 1, 1, 0]
[(0, 1), (1, 4), (3, 6), (4, 5), (0, 5), (2, 3)]
[1, 1, 1, 0, 0, 1]

157
[(0, 2), (0, 3), (0, 5), (1, 2), (1, 4), (1, 5), (1, 6), (2, 3), (2, 6)]
3
[3, 0, 2, 1, 4, 5, 6]
[(0, 3), (0, 2), (1, 2), (1, 4), (1, 5), (1, 6)]
[(0, 5), (2, 3), (2, 6)]
[3, 0, 2, 5, 1, 6, 4]
[(0, 3), (2, 3), (0, 5), (1, 2), (2, 6), (1, 4)]
[(0, 2), (1, 5), (1, 6)]
[(2, 3), (2, 6), (1, 2), (1, 4), (0, 5), (0, 2)]
[0, 0, 1, 1, 0, 1]
[(1, 2), (2, 6), (1, 6), (0, 3), (1, 5), (0, 5)]
[1, 1, 0, 1, 0, 1]

158
[(0, 2), (0, 3), (0, 4), (0, 6), (1, 2), (1, 6), (2, 4), (3, 4), (3, 5), (3, 6), (4, 6)]
5
[5, 3, 0, 2, 1, 6, 4]
[(3, 5), (0, 3), (0, 2), (1, 2), (1, 6), (4, 6)]
[(0, 4), (0, 6), (2, 4), (3, 4), (3, 6)]
[5, 3, 0, 4, 6, 2, 1]
[(3, 5), (0, 3), (3, 4), (3, 6), (0, 2), (1, 6)]
[(0, 4), (0, 6), (1, 2), (2, 4), (4, 6)]
[(1, 2), (1, 6), (0, 3), (4, 6), (0, 6), (2, 4)]
[1, 1, 1, 1, 0, 0]
[(1, 6), (0, 3), (0, 6), (3, 5), (0, 2), (1, 2)]
[1, 1, 0, 1, 1, 0]

159
[(0, 2), (0, 3), (0, 4), (0, 5), (0, 6), (1, 3), (1, 4), (2, 5), (4, 5), (5, 6)]
3
[3, 0, 2, 5, 4, 1, 6]
[(0, 3), (0, 2), (2, 5), (4, 5), (1, 4), (5, 6)]
[(0, 4), (0, 5), (0, 6), (1, 3)]
[3, 0, 1, 2, 4, 5, 6]
[(0, 3), (1, 3), (0, 2), (0, 4), (0, 5), (0, 6)]
[(1, 4), (2, 5), (4, 5), (5, 6)]
[(0, 6), (0, 5), (0, 4), (4, 5), (5, 6), (1, 3)]
[0, 0, 0, 1, 1, 0]
[(5, 6), (1, 3), (1, 4), (2, 5), (4, 5), (0, 5)]
[0, 1, 0, 0, 0, 1]

160
[(0, 1), (0, 5), (0, 6), (1, 2), (1, 5), (1, 6), (2, 3), (2, 6), (3, 5), (3, 6), (4, 5)]
1
[1, 0, 5, 3, 2, 6, 4]
[(0, 1), (0, 5), (3, 5), (2, 3), (2, 6), (4, 5)]
[(0, 6), (1, 2), (1, 5), (1, 6), (3, 6)]
[1, 0, 2, 5, 6, 3, 4]
[(0, 1), (1, 2), (1, 5), (1, 6), (2, 3), (4, 5)]
[(0, 5), (0, 6), (2, 6), (3, 5), (3, 6)]
[(0, 6), (0, 5), (1, 2), (2, 3), (1, 6), (2, 6)]
[0, 1, 0, 1, 0, 1]
[(4, 5), (0, 1), (1, 5), (1, 6), (3, 6), (0, 5)]
[1, 1, 1, 1, 0, 0]

161
[(0, 1), (0, 2), (0, 3), (0, 4), (0, 5), (1, 2), (1, 3), (1, 4), (3, 5), (5, 6)]
6
[6, 5, 0, 1, 2, 3, 4]
[(5, 6), (0, 5), (0, 1), (1, 2), (1, 3), (1, 4)]
[(0, 2), (0, 3), (0, 4), (3, 5)]
[6, 5, 0, 3, 1, 2, 4]
[(5, 6), (0, 5), (3, 5), (0, 1), (0, 2), (0, 4)]
[(0, 3), (1, 2), (1, 3), (1, 4)]
[(0, 4), (5, 6), (0, 2), (0, 3), (3, 5), (0, 1)]
[0, 1, 0, 0, 0, 1]
[(0, 4), (0, 3), (3, 5), (1, 3), (0, 1), (5, 6)]
[1, 0, 1, 0, 1, 1]

162
[(0, 2), (0, 3), (0, 5), (0, 6), (1, 2), (1, 6), (2, 4), (2, 5), (2, 6), (4, 5), (5, 6)]
1
[1, 2, 0, 3, 5, 4, 6]
[(1, 2), (0, 2), (0, 3), (0, 5), (4, 5), (5, 6)]
[(0, 6), (1, 6), (2, 4), (2, 5), (2, 6)]
[1, 2, 6, 0, 4, 5, 3]
[(1, 2), (1, 6), (0, 2), (2, 4), (2, 5), (0, 3)]
[(0, 5), (0, 6), (2, 6), (4, 5), (5, 6)]
[(2, 4), (0, 6), (2, 5), (2, 6), (0, 2), (5, 6)]
[0, 0, 0, 0, 1, 1]
[(1, 6), (1, 2), (0, 3), (2, 6), (2, 4), (5, 6)]
[1, 1, 1, 0, 1, 0]

163
[(0, 1), (0, 5), (0, 6), (1, 6), (2, 6), (3, 4), (3, 5), (4, 5), (4, 6), (5, 6)]
5
[5, 0, 1, 6, 2, 4, 3]
[(0, 5), (0, 1), (1, 6), (2, 6), (4, 6), (3, 4)]
[(0, 6), (3, 5), (4, 5), (5, 6)]
[5, 0, 3, 4, 6, 1, 2]
[(0, 5), (3, 5), (4, 5), (5, 6), (0, 1), (2, 6)]
[(0, 6), (1, 6), (3, 4), (4, 6)]
[(4, 6), (0, 6), (4, 5), (0, 5), (5, 6), (3, 4)]
[1, 0, 0, 1, 0, 1]
[(1, 6), (0, 1), (2, 6), (4, 5), (0, 5), (0, 6)]
[0, 1, 1, 1, 1, 0]

164
[(0, 2), (0, 3), (0, 5), (1, 3), (2, 3), (2, 6), (3, 4), (3, 5), (3, 6), (5, 6)]
4
[4, 3, 0, 2, 6, 5, 1]
[(3, 4), (0, 3), (0, 2), (2, 6), (5, 6), (1, 3)]
[(0, 5), (2, 3), (3, 5), (3, 6)]
[4, 3, 0, 1, 2, 5, 6]
[(3, 4), (0, 3), (1, 3), (2, 3), (3, 5), (3, 6)]
[(0, 2), (0, 5), (2, 6), (5, 6)]
[(2, 3), (3, 5), (0, 5), (2, 6), (1, 3), (0, 3)]
[0, 0, 0, 1, 1, 1]
[(0, 2), (3, 5), (5, 6), (2, 6), (0, 3), (3, 6)]
[0, 1, 0, 0, 1, 1]

165
[(0, 2), (0, 3), (1, 2), (1, 3), (1, 4), (2, 4), (3, 5), (4, 5), (4, 6), (5, 6)]
5
[5, 3, 0, 2, 1, 4, 6]
[(3, 5), (0, 3), (0, 2), (1, 2), (1, 4), (4, 6)]
[(1, 3), (2, 4), (4, 5), (5, 6)]
[5, 3, 4, 6, 0, 1, 2]
[(3, 5), (4, 5), (5, 6), (0, 3), (1, 3), (2, 4)]
[(0, 2), (1, 2), (1, 4), (4, 6)]
[(5, 6), (1, 2), (0, 3), (0, 2), (4, 5), (3, 5)]
[0, 1, 1, 1, 0, 1]
[(1, 4), (4, 6), (2, 4), (0, 2), (1, 2), (0, 3)]
[0, 0, 1, 0, 0, 1]

166
[(0, 2), (0, 5), (0, 6), (1, 2), (1, 3), (1, 6), (2, 3), (2, 5), (3, 6), (4, 6), (5, 6)]
6
[6, 0, 2, 1, 3, 5, 4]
[(0, 6), (0, 2), (1, 2), (1, 3), (2, 5), (4, 6)]
[(0, 5), (1, 6), (2, 3), (3, 6), (5, 6)]
[6, 0, 1, 3, 4, 5, 2]
[(0, 6), (1, 6), (3, 6), (4, 6), (5, 6), (0, 2)]
[(0, 5), (1, 2), (1, 3), (2, 3), (2, 5)]
[(0, 2), (2, 5), (1, 3), (3, 6), (1, 2), (0, 6)]
[1, 1, 1, 0, 1, 1]
[(5, 6), (2, 3), (0, 2), (1, 6), (3, 6), (2, 5)]
[1, 0, 1, 1, 1, 0]

167
[(0, 3), (0, 4), (0, 5), (1, 2), (1, 4), (1, 5), (2, 3), (3, 5), (3, 6), (4, 6)]
5
[5, 0, 3, 2, 1, 4, 6]
[(0, 5), (0, 3), (2, 3), (1, 2), (1, 4), (4, 6)]
[(0, 4), (1, 5), (3, 5), (3, 6)]
[5, 0, 1, 3, 4, 2, 6]
[(0, 5), (1, 5), (3, 5), (0, 4), (1, 2), (3, 6)]
[(0, 3), (1, 4), (2, 3), (4, 6)]
[(2, 3), (0, 3), (4, 6), (0, 5), (1, 2), (3, 5)]
[1, 1, 1, 1, 1, 0]
[(1, 4), (0, 5), (1, 2), (3, 5), (0, 4), (1, 5)]
[0, 1, 1, 1, 1, 1]

168
[(0, 1), (0, 2), (0, 3), (0, 4), (0, 5), (1, 3), (1, 6), (2, 3), (2, 4), (3, 5)]
4
[4, 0, 1, 3, 2, 5, 6]
[(0, 4), (0, 1), (1, 3), (2, 3), (3, 5), (1, 6)]
[(0, 2), (0, 3), (0, 5), (2, 4)]
[4, 0, 2, 1, 3, 5, 6]
[(0, 4), (2, 4), (0, 1), (0, 3), (0, 5), (1, 6)]
[(0, 2), (1, 3), (2, 3), (3, 5)]
[(1, 6), (0, 3), (1, 3), (0, 4), (0, 5), (0, 1)]
[1, 0, 1, 1, 0, 1]
[(3, 5), (1, 3), (0, 3), (0, 5), (2, 4), (0, 2)]
[0, 0, 1, 1, 1, 0]

169
[(0, 1), (0, 2), (0, 4), (0, 5), (0, 6), (1, 4), (1, 5), (1, 6), (2, 3), (2, 4), (2, 5)]
0
[0, 1, 4, 2, 3, 5, 6]
[(0, 1), (1, 4), (2, 4), (2, 3), (2, 5), (1, 6)]
[(0, 2), (0, 4), (0, 5), (0, 6), (1, 5)]
[0, 1, 2, 4, 5, 6, 3]
[(0, 1), (0, 2), (0, 4), (0, 5), (0, 6), (2, 3)]
[(1, 4), (1, 5), (1, 6), (2, 4), (2, 5)]
[(0, 1), (1, 6), (0, 2), (2, 4), (2, 3), (1, 4)]
[1, 1, 0, 1, 1, 1]
[(0, 1), (0, 4), (0, 2), (0, 5), (2, 4), (2, 5)]
[1, 1, 1, 1, 0, 0]

170
[(0, 2), (0, 5), (0, 6), (1, 2), (1, 5), (1, 6), (2, 4), (3, 6), (4, 6), (5, 6)]
1
[1, 2, 0, 5, 6, 3, 4]
[(1, 2), (0, 2), (0, 5), (5, 6), (3, 6), (4, 6)]
[(0, 6), (1, 5), (1, 6), (2, 4)]
[1, 2, 5, 6, 0, 4, 3]
[(1, 2), (1, 5), (1, 6), (0, 2), (2, 4), (3, 6)]
[(0, 5), (0, 6), (4, 6), (5, 6)]
[(1, 2), (1, 6), (3, 6), (1, 5), (0, 5), (2, 4)]
[1, 0, 1, 0, 1, 0]
[(3, 6), (1, 2), (2, 4), (0, 2), (0, 6), (1, 5)]
[1, 1, 1, 1, 0, 1]

171
[(0, 1), (0, 4), (0, 5), (1, 2), (1, 3), (1, 4), (1, 5), (1, 6), (2, 3), (3, 4), (3, 6)]
5
[5, 0, 1, 2, 3, 4, 6]
[(0, 5), (0, 1), (1, 2), (2, 3), (3, 4), (3, 6)]
[(0, 4), (1, 3), (1, 4), (1, 5), (1, 6)]
[5, 0, 1, 4, 2, 3, 6]
[(0, 5), (1, 5), (0, 4), (1, 2), (1, 3), (1, 6)]
[(0, 1), (1, 4), (2, 3), (3, 4), (3, 6)]
[(1, 3), (1, 4), (0, 5), (1, 2), (1, 5), (0, 4)]
[0, 0, 1, 1, 0, 0]
[(0, 5), (3, 4), (2, 3), (3, 6), (1, 5), (1, 4)]
[1, 0, 0, 0, 1, 0]

172
[(0, 3), (0, 6), (1, 2), (1, 3), (1, 4), (1, 5), (1, 6), (2, 4), (3, 5), (5, 6)]
3
[3, 0, 6, 1, 2, 4, 5]
[(0, 3), (0, 6), (1, 6), (1, 2), (2, 4), (1, 5)]
[(1, 3), (1, 4), (3, 5), (5, 6)]
[3, 0, 1, 5, 6, 2, 4]
[(0, 3), (1, 3), (3, 5), (0, 6), (1, 2), (1, 4)]
[(1, 5), (1, 6), (2, 4), (5, 6)]
[(1, 3), (3, 5), (1, 2), (5, 6), (1, 4), (1, 5)]
[0, 0, 1, 0, 0, 1]
[(1, 2), (1, 6), (0, 3), (3, 5), (1, 5), (1, 3)]
[1, 0, 1, 1, 0, 1]

173
[(0, 1), (0, 4), (1, 3), (1, 4), (1, 5), (2, 4), (2, 6), (3, 5), (4, 5), (5, 6)]
0
[0, 1, 3, 5, 4, 2, 6]
[(0, 1), (1, 3), (3, 5), (4, 5), (2, 4), (2, 6)]
[(0, 4), (1, 4), (1, 5), (5, 6)]
[0, 1, 4, 3, 5, 2, 6]
[(0, 1), (0, 4), (1, 3), (1, 5), (2, 4), (5, 6)]
[(1, 4), (2, 6), (3, 5), (4, 5)]
[(0, 1), (2, 4), (1, 5), (2, 6), (4, 5), (3, 5)]
[1, 1, 0, 1, 1, 1]
[(4, 5), (2, 6), (1, 5), (1, 3), (2, 4), (5, 6)]
[0, 0, 1, 1, 1, 1]

174
[(0, 1), (0, 3), (0, 6), (1, 2), (1, 6), (2, 3), (2, 4), (2, 6), (3, 4), (3, 5)]
2
[2, 1, 0, 3, 4, 5, 6]
[(1, 2), (0, 1), (0, 3), (3, 4), (3, 5), (0, 6)]
[(1, 6), (2, 3), (2, 4), (2, 6)]
[2, 1, 3, 4, 6, 0, 5]
[(1, 2), (2, 3), (2, 4), (2, 6), (0, 1), (3, 5)]
[(0, 3), (0, 6), (1, 6), (3, 4)]
[(0, 1), (1, 6), (0, 6), (2, 4), (2, 6), (0, 3)]
[1, 0, 1, 0, 0, 1]
[(2, 6), (0, 3), (0, 6), (2, 3), (2, 4), (0, 1)]
[1, 0, 0, 1, 1, 1]

175
[(0, 4), (0, 5), (1, 2), (1, 3), (1, 5), (2, 5), (2, 6), (3, 5), (3, 6), (5, 6)]
5
[5, 0, 4, 1, 2, 6, 3]
[(0, 5), (0, 4), (1, 5), (1, 2), (2, 6), (3, 6)]
[(1, 3), (2, 5), (3, 5), (5, 6)]
[5, 0, 1, 2, 3, 6, 4]
[(0, 5), (1, 5), (2, 5), (3, 5), (5, 6), (0, 4)]
[(1, 2), (1, 3), (2, 6), (3, 6)]
[(1, 2), (5, 6), (2, 6), (0, 4), (2, 5), (1, 3)]
[1, 0, 1, 1, 0, 0]
[(5, 6), (1, 5), (1, 3), (3, 6), (2, 6), (1, 2)]
[1, 1, 0, 0, 0, 0]

176
[(0, 1), (0, 3), (1, 3), (1, 5), (1, 6), (2, 3), (2, 4), (3, 5), (3, 6)]
5
[5, 1, 0, 3, 2, 4, 6]
[(1, 5), (0, 1), (0, 3), (2, 3), (2, 4), (3, 6)]
[(1, 3), (1, 6), (3, 5)]
[5, 1, 3, 0, 6, 2, 4]
[(1, 5), (3, 5), (0, 1), (1, 6), (2, 3), (2, 4)]
[(0, 3), (1, 3), (3, 6)]
[(2, 4), (1, 5), (1, 6), (1, 3), (2, 3), (3, 5)]
[1, 1, 0, 0, 1, 0]
[(3, 5), (1, 3), (3, 6), (2, 3), (0, 3), (1, 5)]
[1, 0, 0, 1, 0, 1]

177
[(0, 1), (1, 2), (1, 3), (1, 5), (2, 3), (2, 4), (2, 5), (2, 6), (3, 5), (4, 5), (5, 6)]
2
[2, 1, 0, 3, 5, 4, 6]
[(1, 2), (0, 1), (1, 3), (3, 5), (4, 5), (5, 6)]
[(1, 5), (2, 3), (2, 4), (2, 5), (2, 6)]
[2, 1, 3, 4, 5, 6, 0]
[(1, 2), (2, 3), (2, 4), (2, 5), (2, 6), (0, 1)]
[(1, 3), (1, 5), (3, 5), (4, 5), (5, 6)]
[(1, 5), (2, 6), (2, 4), (1, 2), (0, 1), (2, 3)]
[0, 0, 0, 1, 1, 0]
[(4, 5), (3, 5), (5, 6), (2, 6), (1, 2), (2, 5)]
[0, 0, 0, 1, 1, 1]

178
[(0, 3), (0, 5), (0, 6), (1, 2), (1, 3), (1, 4), (2, 3), (2, 4), (5, 6)]
2
[2, 1, 3, 0, 5, 6, 4]
[(1, 2), (1, 3), (0, 3), (0, 5), (5, 6), (1, 4)]
[(0, 6), (2, 3), (2, 4)]
[2, 1, 3, 4, 0, 5, 6]
[(1, 2), (2, 3), (2, 4), (0, 3), (0, 5), (0, 6)]
[(1, 3), (1, 4), (5, 6)]
[(2, 3), (1, 2), (2, 4), (0, 3), (0, 6), (1, 3)]
[0, 1, 0, 1, 0, 1]
[(5, 6), (1, 4), (2, 4), (2, 3), (0, 5), (1, 3)]
[0, 0, 1, 1, 1, 0]

179
[(0, 2), (0, 5), (0, 6), (1, 3), (1, 4), (2, 4), (2, 5), (3, 5), (3, 6), (4, 5)]
6
[6, 0, 2, 4, 1, 3, 5]
[(0, 6), (0, 2), (2, 4), (1, 4), (1, 3), (3, 5)]
[(0, 5), (2, 5), (3, 6), (4, 5)]
[6, 0, 3, 2, 5, 1, 4]
[(0, 6), (3, 6), (0, 2), (0, 5), (1, 3), (2, 4)]
[(1, 4), (2, 5), (3, 5), (4, 5)]
[(4, 5), (0, 6), (2, 5), (3, 6), (0, 5), (1, 3)]
[0, 1, 0, 0, 0, 1]
[(2, 4), (3, 5), (0, 6), (1, 3), (2, 5), (0, 2)]
[1, 0, 1, 1, 0, 1]

180
[(0, 1), (0, 2), (0, 3), (0, 4), (0, 6), (1, 2), (2, 3), (3, 5), (4, 6)]
4
[4, 0, 1, 2, 3, 5, 6]
[(0, 4), (0, 1), (1, 2), (2, 3), (3, 5), (0, 6)]
[(0, 2), (0, 3), (4, 6)]
[4, 0, 6, 1, 2, 3, 5]
[(0, 4), (4, 6), (0, 1), (0, 2), (0, 3), (3, 5)]
[(0, 6), (1, 2), (2, 3)]
[(2, 3), (0, 4), (0, 3), (0, 2), (4, 6), (0, 6)]
[1, 1, 0, 0, 0, 1]
[(1, 2), (4, 6), (0, 3), (2, 3), (0, 6), (3, 5)]
[0, 1, 1, 0, 0, 1]

181
[(0, 2), (0, 3), (0, 4), (1, 3), (1, 5), (2, 5), (3, 5), (4, 5), (5, 6)]
2
[2, 0, 3, 1, 5, 4, 6]
[(0, 2), (0, 3), (1, 3), (1, 5), (4, 5), (5, 6)]
[(0, 4), (2, 5), (3, 5)]
[2, 0, 5, 3, 4, 1, 6]
[(0, 2), (2, 5), (0, 3), (0, 4), (1, 5), (5, 6)]
[(1, 3), (3, 5), (4, 5)]
[(2, 5), (0, 2), (0, 3), (1, 5), (3, 5), (0, 4)]
[0, 1, 1, 1, 0, 0]
[(1, 3), (4, 5), (3, 5), (0, 3), (2, 5), (5, 6)]
[0, 0, 0, 1, 1, 1]

182
[(0, 5), (1, 2), (1, 3), (1, 4), (1, 5), (2, 3), (2, 4), (2, 5), (3, 4), (4, 5), (5, 6)]
1
[1, 2, 3, 4, 5, 0, 6]
[(1, 2), (2, 3), (3, 4), (4, 5), (0, 5), (5, 6)]
[(1, 3), (1, 4), (1, 5), (2, 4), (2, 5)]
[1, 2, 3, 4, 5, 0, 6]
[(1, 2), (1, 3), (1, 4), (1, 5), (0, 5), (5, 6)]
[(2, 3), (2, 4), (2, 5), (3, 4), (4, 5)]
[(4, 5), (2, 5), (2, 4), (5, 6), (1, 3), (1, 4)]
[1, 0, 0, 1, 0, 0]
[(1, 5), (1, 2), (0, 5), (4, 5), (5, 6), (1, 4)]
[1, 1, 1, 0, 1, 1]

183
[(0, 5), (0, 6), (1, 3), (1, 6), (2, 3), (2, 4), (2, 5), (2, 6), (3, 6), (4, 6)]
2
[2, 3, 1, 6, 0, 5, 4]
[(2, 3), (1, 3), (1, 6), (0, 6), (0, 5), (4, 6)]
[(2, 4), (2, 5), (2, 6), (3, 6)]
[2, 3, 4, 5, 6, 1, 0]
[(2, 3), (2, 4), (2, 5), (2, 6), (1, 3), (0, 5)]
[(0, 6), (1, 6), (3, 6), (4, 6)]
[(0, 6), (4, 6), (0, 5), (2, 5), (1, 6), (3, 6)]
[1, 1, 1, 0, 1, 0]
[(2, 6), (1, 3), (0, 5), (4, 6), (2, 5), (0, 6)]
[1, 1, 1, 0, 1, 0]

184
[(0, 4), (0, 6), (1, 2), (1, 4), (1, 6), (3, 4), (3, 6), (4, 5), (5, 6)]
1
[1, 2, 4, 0, 6, 3, 5]
[(1, 2), (1, 4), (0, 4), (0, 6), (3, 6), (5, 6)]
[(1, 6), (3, 4), (4, 5)]
[1, 2, 4, 6, 0, 3, 5]
[(1, 2), (1, 4), (1, 6), (0, 4), (3, 4), (4, 5)]
[(0, 6), (3, 6), (5, 6)]
[(1, 6), (3, 6), (4, 5), (1, 2), (0, 6), (3, 4)]
[0, 1, 0, 1, 1, 0]
[(0, 6), (3, 6), (0, 4), (3, 4), (1, 4), (5, 6)]
[0, 0, 1, 1, 1, 0]

185
[(0, 2), (0, 3), (1, 2), (1, 4), (1, 5), (2, 4), (2, 5), (2, 6), (3, 4), (5, 6)]
2
[2, 0, 3, 4, 1, 5, 6]
[(0, 2), (0, 3), (3, 4), (1, 4), (1, 5), (5, 6)]
[(1, 2), (2, 4), (2, 5), (2, 6)]
[2, 0, 1, 4, 5, 6, 3]
[(0, 2), (1, 2), (2, 4), (2, 5), (2, 6), (0, 3)]
[(1, 4), (1, 5), (3, 4), (5, 6)]
[(5, 6), (2, 6), (0, 2), (1, 2), (2, 5), (2, 4)]
[1, 0, 1, 0, 0, 0]
[(1, 2), (0, 3), (2, 5), (3, 4), (1, 4), (5, 6)]
[1, 1, 1, 0, 0, 0]

186
[(0, 1), (0, 6), (1, 2), (1, 4), (1, 6), (2, 3), (2, 4), (2, 5), (3, 4), (4, 5)]
4
[4, 1, 0, 6, 2, 3, 5]
[(1, 4), (0, 1), (0, 6), (1, 2), (2, 3), (2, 5)]
[(1, 6), (2, 4), (3, 4), (4, 5)]
[4, 1, 2, 3, 5, 0, 6]
[(1, 4), (2, 4), (3, 4), (4, 5), (0, 1), (1, 6)]
[(0, 6), (1, 2), (2, 3), (2, 5)]
[(0, 1), (1, 2), (0, 6), (2, 3), (2, 5), (2, 4)]
[1, 1, 1, 1, 1, 0]
[(1, 6), (2, 3), (1, 4), (2, 5), (1, 2), (0, 6)]
[1, 0, 1, 0, 0, 0]

187
[(0, 2), (0, 4), (0, 6), (1, 4), (1, 5), (2, 3), (2, 6), (3, 5), (4, 5), (4, 6)]
6
[6, 0, 2, 3, 5, 1, 4]
[(0, 6), (0, 2), (2, 3), (3, 5), (1, 5), (1, 4)]
[(0, 4), (2, 6), (4, 5), (4, 6)]
[6, 0, 2, 4, 3, 1, 5]
[(0, 6), (2, 6), (4, 6), (2, 3), (1, 4), (4, 5)]
[(0, 2), (0, 4), (1, 5), (3, 5)]
[(0, 2), (2, 6), (4, 6), (0, 4), (2, 3), (4, 5)]
[1, 0, 0, 0, 1, 0]
[(0, 4), (0, 2), (3, 5), (1, 5), (0, 6), (2, 6)]
[0, 0, 0, 0, 1, 1]

188
[(0, 3), (1, 3), (1, 5), (1, 6), (2, 3), (2, 6), (3, 4), (3, 5), (3, 6), (5, 6)]
1
[1, 3, 0, 2, 6, 5, 4]
[(1, 3), (0, 3), (2, 3), (2, 6), (5, 6), (3, 4)]
[(1, 5), (1, 6), (3, 5), (3, 6)]
[1, 3, 5, 6, 0, 2, 4]
[(1, 3), (1, 5), (1, 6), (0, 3), (2, 3), (3, 4)]
[(2, 6), (3, 5), (3, 6), (5, 6)]
[(1, 5), (0, 3), (2, 6), (3, 4), (5, 6), (2, 3)]
[0, 1, 1, 1, 1, 1]
[(3, 5), (5, 6), (0, 3), (3, 6), (3, 4), (2, 6)]
[0, 0, 1, 0, 1, 0]

189
[(0, 1), (0, 2), (0, 3), (0, 4), (0, 6), (1, 2), (1, 3), (2, 4), (2, 5), (4, 6)]
3
[3, 0, 1, 2, 4, 6, 5]
[(0, 3), (0, 1), (1, 2), (2, 4), (4, 6), (2, 5)]
[(0, 2), (0, 4), (0, 6), (1, 3)]
[3, 0, 1, 2, 4, 6, 5]
[(0, 3), (1, 3), (0, 2), (0, 4), (0, 6), (2, 5)]
[(0, 1), (1, 2), (2, 4), (4, 6)]
[(2, 4), (2, 5), (1, 3), (1, 2), (0, 2), (0, 4)]
[1, 1, 0, 1, 0, 0]
[(1, 2), (2, 4), (4, 6), (0, 1), (0, 6), (0, 2)]
[0, 0, 0, 0, 1, 1]

190
[(0, 2), (0, 4), (0, 5), (1, 3), (1, 4), (1, 6), (2, 4), (3, 6), (4, 5)]
5
[5, 0, 2, 4, 1, 3, 6]
[(0, 5), (0, 2), (2, 4), (1, 4), (1, 3), (3, 6)]
[(0, 4), (1, 6), (4, 5)]
[5, 0, 4, 2, 1, 3, 6]
[(0, 5), (4, 5), (0, 2), (1, 4), (1, 3), (1, 6)]
[(0, 4), (2, 4), (3, 6)]
[(4, 5), (0, 5), (1, 4), (1, 6), (1, 3), (3, 6)]
[0, 1, 1, 0, 1, 1]
[(1, 6), (0, 4), (1, 4), (4, 5), (1, 3), (0, 2)]
[1, 0, 1, 1, 1, 1]

191
[(0, 1), (0, 3), (0, 6), (1, 2), (2, 4), (2, 5), (2, 6), (3, 4), (3, 6), (4, 6)]
6
[6, 0, 1, 2, 4, 3, 5]
[(0, 6), (0, 1), (1, 2), (2, 4), (3, 4), (2, 5)]
[(0, 3), (2, 6), (3, 6), (4, 6)]
[6, 0, 2, 3, 4, 1, 5]
[(0, 6), (2, 6), (3, 6), (4, 6), (0, 1), (2, 5)]
[(0, 3), (1, 2), (2, 4), (3, 4)]
[(1, 2), (2, 4), (0, 6), (0, 3), (4, 6), (3, 4)]
[1, 1, 1, 0, 0, 1]
[(2, 6), (1, 2), (2, 5), (3, 6), (2, 4), (3, 4)]
[1, 0, 1, 1, 0, 0]

192
[(0, 1), (0, 2), (1, 4), (1, 6), (2, 3), (2, 4), (2, 6), (3, 5), (4, 5), (5, 6)]
1
[1, 0, 2, 3, 5, 4, 6]
[(0, 1), (0, 2), (2, 3), (3, 5), (4, 5), (5, 6)]
[(1, 4), (1, 6), (2, 4), (2, 6)]
[1, 0, 4, 6, 2, 5, 3]
[(0, 1), (1, 4), (1, 6), (0, 2), (4, 5), (2, 3)]
[(2, 4), (2, 6), (3, 5), (5, 6)]
[(4, 5), (1, 6), (2, 4), (1, 4), (2, 6), (0, 2)]
[1, 0, 0, 0, 0, 1]
[(1, 4), (4, 5), (1, 6), (2, 4), (2, 3), (0, 2)]
[1, 1, 1, 0, 1, 1]

193
[(0, 1), (0, 2), (0, 3), (0, 5), (0, 6), (1, 2), (1, 6), (2, 6), (3, 4), (4, 6)]
4
[4, 3, 0, 1, 2, 6, 5]
[(3, 4), (0, 3), (0, 1), (1, 2), (2, 6), (0, 5)]
[(0, 2), (0, 6), (1, 6), (4, 6)]
[4, 3, 6, 0, 1, 2, 5]
[(3, 4), (4, 6), (0, 3), (1, 6), (2, 6), (0, 5)]
[(0, 1), (0, 2), (0, 6), (1, 2)]
[(0, 5), (0, 6), (2, 6), (1, 2), (0, 3), (0, 1)]
[1, 0, 1, 1, 1, 1]
[(2, 6), (0, 6), (0, 3), (4, 6), (1, 2), (0, 1)]
[1, 0, 1, 1, 0, 0]

194
[(0, 1), (0, 2), (1, 3), (2, 4), (2, 5), (2, 6), (3, 5), (4, 6), (5, 6)]
5
[5, 2, 0, 1, 3, 4, 6]
[(2, 5), (0, 2), (0, 1), (1, 3), (2, 4), (4, 6)]
[(2, 6), (3, 5), (5, 6)]
[5, 2, 3, 6, 0, 4, 1]
[(2, 5), (3, 5), (5, 6), (0, 2), (2, 4), (1, 3)]
[(0, 1), (2, 6), (4, 6)]
[(2, 4), (2, 6), (0, 2), (2, 5), (1, 3), (4, 6)]
[1, 0, 1, 1, 1, 1]
[(1, 3), (2, 6), (0, 1), (2, 5), (3, 5), (4, 6)]
[1, 0, 0, 1, 1, 0]

195
[(0, 1), (0, 2), (0, 3), (0, 4), (1, 6), (2, 3), (2, 5), (2, 6), (4, 5), (5, 6)]
6
[6, 1, 0, 2, 3, 5, 4]
[(1, 6), (0, 1), (0, 2), (2, 3), (2, 5), (4, 5)]
[(0, 3), (0, 4), (2, 6), (5, 6)]
[6, 1, 2, 5, 0, 3, 4]
[(1, 6), (2, 6), (5, 6), (0, 1), (2, 3), (4, 5)]
[(0, 2), (0, 3), (0, 4), (2, 5)]
[(0, 4), (1, 6), (0, 3), (0, 1), (4, 5), (2, 5)]
[0, 1, 0, 1, 1, 1]
[(0, 4), (5, 6), (1, 6), (0, 3), (2, 5), (0, 1)]
[0, 1, 1, 0, 0, 1]

196
[(0, 1), (0, 2), (1, 4), (1, 5), (1, 6), (2, 5), (2, 6), (3, 6), (4, 5), (4, 6), (5, 6)]
5
[5, 1, 0, 2, 6, 3, 4]
[(1, 5), (0, 1), (0, 2), (2, 6), (3, 6), (4, 6)]
[(1, 4), (1, 6), (2, 5), (4, 5), (5, 6)]
[5, 1, 2, 4, 6, 0, 3]
[(1, 5), (2, 5), (4, 5), (5, 6), (0, 1), (3, 6)]
[(0, 2), (1, 4), (1, 6), (2, 6), (4, 6)]
[(4, 6), (1, 5), (3, 6), (0, 2), (1, 6), (0, 1)]
[1, 1, 1, 1, 0, 1]
[(2, 5), (5, 6), (2, 6), (4, 6), (0, 2), (1, 4)]
[1, 1, 0, 0, 0, 0]

197
[(0, 1), (0, 2), (0, 3), (0, 5), (0, 6), (2, 5), (3, 4), (3, 5), (4, 5), (4, 6)]
5
[5, 0, 1, 2, 3, 4, 6]
[(0, 5), (0, 1), (0, 2), (0, 3), (3, 4), (4, 6)]
[(0, 6), (2, 5), (3, 5), (4, 5)]
[5, 0, 2, 3, 4, 1, 6]
[(0, 5), (2, 5), (3, 5), (4, 5), (0, 1), (0, 6)]
[(0, 2), (0, 3), (3, 4), (4, 6)]
[(2, 5), (3, 4), (3, 5), (4, 5), (0, 5), (0, 6)]
[0, 1, 0, 0, 1, 0]
[(0, 1), (3, 5), (4, 6), (0, 2), (3, 4), (0, 5)]
[1, 1, 0, 0, 0, 1]

198
[(0, 1), (0, 4), (0, 5), (1, 3), (1, 5), (2, 4), (2, 6), (3, 6), (4, 5)]
2
[2, 4, 0, 1, 3, 6, 5]
[(2, 4), (0, 4), (0, 1), (1, 3), (3, 6), (1, 5)]
[(0, 5), (2, 6), (4, 5)]
[2, 4, 6, 0, 5, 3, 1]
[(2, 4), (2, 6), (0, 4), (4, 5), (3, 6), (0, 1)]
[(0, 5), (1, 3), (1, 5)]
[(4, 5), (0, 1), (2, 6), (1, 5), (2, 4), (3, 6)]
[0, 1, 0, 1, 1, 1]
[(0, 4), (1, 3), (4, 5), (1, 5), (3, 6), (0, 5)]
[1, 0, 1, 0, 1, 0]

199
[(0, 3), (1, 2), (1, 5), (1, 6), (2, 6), (3, 4), (3, 6), (4, 5), (4, 6), (5, 6)]
2
[2, 1, 5, 4, 3, 0, 6]
[(1, 2), (1, 5), (4, 5), (3, 4), (0, 3), (3, 6)]
[(1, 6), (2, 6), (4, 6), (5, 6)]
[2, 1, 6, 5, 3, 4, 0]
[(1, 2), (2, 6), (1, 5), (3, 6), (4, 6), (0, 3)]
[(1, 6), (3, 4), (4, 5), (5, 6)]
[(2, 6), (1, 6), (4, 6), (3, 6), (4, 5), (3, 4)]
[0, 0, 0, 1, 1, 1]
[(5, 6), (1, 6), (1, 2), (3, 6), (0, 3), (3, 4)]
[0, 0, 1, 1, 1, 0]

200
[(0, 1), (0, 2), (0, 4), (0, 6), (1, 2), (1, 4), (2, 4), (2, 6), (3, 5), (5, 6)]
2
[2, 0, 1, 4, 6, 5, 3]
[(0, 2), (0, 1), (1, 4), (0, 6), (5, 6), (3, 5)]
[(0, 4), (1, 2), (2, 4), (2, 6)]
[2, 0, 1, 4, 6, 5, 3]
[(0, 2), (1, 2), (2, 4), (2, 6), (5, 6), (3, 5)]
[(0, 1), (0, 4), (0, 6), (1, 4)]
[(2, 6), (0, 4), (1, 4), (2, 4), (0, 6), (3, 5)]
[0, 0, 1, 0, 1, 1]
[(0, 6), (0, 2), (0, 4), (0, 1), (1, 4), (2, 6)]
[0, 1, 0, 0, 0, 1]

201
[(0, 3), (0, 4), (0, 5), (1, 6), (2, 3), (2, 5), (2, 6), (3, 4), (5, 6)]
1
[1, 6, 2, 3, 0, 4, 5]
[(1, 6), (2, 6), (2, 3), (0, 3), (0, 4), (0, 5)]
[(2, 5), (3, 4), (5, 6)]
[1, 6, 2, 5, 3, 0, 4]
[(1, 6), (2, 6), (5, 6), (2, 3), (0, 5), (3, 4)]
[(0, 3), (0, 4), (2, 5)]
[(2, 5), (5, 6), (1, 6), (2, 3), (0, 4), (2, 6)]
[0, 0, 1, 1, 1, 1]
[(1, 6), (2, 6), (0, 3), (5, 6), (0, 5), (2, 3)]
[1, 1, 0, 1, 1, 1]

202
[(0, 2), (0, 4), (0, 6), (1, 4), (1, 6), (2, 3), (2, 5), (3, 5), (4, 5), (5, 6)]
6
[6, 0, 2, 3, 5, 4, 1]
[(0, 6), (0, 2), (2, 3), (3, 5), (4, 5), (1, 4)]
[(0, 4), (1, 6), (2, 5), (5, 6)]
[6, 0, 1, 5, 2, 4, 3]
[(0, 6), (1, 6), (5, 6), (0, 2), (0, 4), (3, 5)]
[(1, 4), (2, 3), (2, 5), (4, 5)]
[(1, 6), (3, 5), (0, 4), (2, 3), (2, 5), (4, 5)]
[0, 1, 0, 1, 0, 1]
[(0, 6), (4, 5), (1, 4), (0, 2), (2, 5), (2, 3)]
[1, 0, 0, 1, 0, 0]

203
[(0, 2), (0, 3), (0, 4), (0, 6), (1, 2), (1, 5), (1, 6), (2, 6), (4, 5), (4, 6)]
3
[3, 0, 2, 1, 5, 4, 6]
[(0, 3), (0, 2), (1, 2), (1, 5), (4, 5), (4, 6)]
[(0, 4), (0, 6), (1, 6), (2, 6)]
[3, 0, 2, 4, 6, 1, 5]
[(0, 3), (0, 2), (0, 4), (0, 6), (1, 2), (4, 5)]
[(1, 5), (1, 6), (2, 6), (4, 6)]
[(0, 2), (2, 6), (0, 3), (4, 6), (1, 6), (1, 2)]
[1, 0, 1, 1, 0, 1]
[(1, 6), (0, 6), (1, 5), (0, 3), (0, 2), (4, 6)]
[0, 1, 0, 1, 1, 0]

204
[(0, 1), (0, 2), (1, 3), (2, 3), (2, 4), (2, 5), (2, 6), (3, 5), (4, 6)]
0
[0, 1, 3, 2, 4, 6, 5]
[(0, 1), (1, 3), (2, 3), (2, 4), (4, 6), (2, 5)]
[(0, 2), (2, 6), (3, 5)]
[0, 1, 2, 3, 4, 5, 6]
[(0, 1), (0, 2), (1, 3), (2, 4), (2, 5), (2, 6)]
[(2, 3), (3, 5), (4, 6)]
[(0, 2), (2, 6), (2, 3), (4, 6), (3, 5), (1, 3)]
[0, 0, 1, 1, 0, 1]
[(4, 6), (2, 6), (2, 4), (2, 3), (3, 5), (0, 1)]
[0, 1, 1, 0, 0, 1]

205
[(0, 4), (0, 5), (0, 6), (1, 3), (1, 4), (2, 5), (3, 6), (4, 5), (4, 6)]
6
[6, 0, 4, 1, 3, 5, 2]
[(0, 6), (0, 4), (1, 4), (1, 3), (4, 5), (2, 5)]
[(0, 5), (3, 6), (4, 6)]
[6, 0, 3, 4, 5, 1, 2]
[(0, 6), (3, 6), (4, 6), (0, 5), (1, 3), (2, 5)]
[(0, 4), (1, 4), (4, 5)]
[(4, 6), (2, 5), (0, 5), (0, 4), (1, 3), (4, 5)]
[0, 1, 0, 1, 1, 1]
[(4, 5), (2, 5), (1, 3), (0, 6), (4, 6), (1, 4)]
[0, 1, 1, 1, 1, 0]

206
[(0, 5), (0, 6), (1, 3), (1, 5), (1, 6), (2, 4), (3, 5), (3, 6), (4, 5), (5, 6)]
5
[5, 0, 6, 1, 3, 4, 2]
[(0, 5), (0, 6), (1, 6), (1, 3), (4, 5), (2, 4)]
[(1, 5), (3, 5), (3, 6), (5, 6)]
[5, 0, 1, 3, 4, 6, 2]
[(0, 5), (1, 5), (3, 5), (4, 5), (5, 6), (2, 4)]
[(0, 6), (1, 3), (1, 6), (3, 6)]
[(0, 6), (4, 5), (1, 6), (2, 4), (0, 5), (5, 6)]
[1, 1, 1, 1, 1, 0]
[(3, 5), (5, 6), (1, 6), (2, 4), (1, 5), (4, 5)]
[1, 1, 0, 1, 1, 1]

207
[(0, 3), (0, 5), (0, 6), (1, 2), (1, 4), (2, 4), (2, 6), (4, 5), (4, 6)]
5
[5, 0, 3, 6, 2, 1, 4]
[(0, 5), (0, 3), (0, 6), (2, 6), (1, 2), (1, 4)]
[(2, 4), (4, 5), (4, 6)]
[5, 0, 4, 3, 6, 1, 2]
[(0, 5), (4, 5), (0, 3), (0, 6), (1, 4), (2, 4)]
[(1, 2), (2, 6), (4, 6)]
[(2, 4), (2, 6), (0, 3), (4, 6), (0, 5), (4, 5)]
[0, 1, 1, 0, 1, 0]
[(4, 5), (1, 2), (1, 4), (0, 3), (0, 6), (2, 6)]
[1, 0, 1, 1, 1, 0]

208
[(0, 3), (0, 5), (1, 3), (1, 6), (2, 4), (2, 5), (3, 4), (3, 5), (4, 6), (5, 6)]
1
[1, 3, 0, 5, 2, 4, 6]
[(1, 3), (0, 3), (0, 5), (2, 5), (2, 4), (4, 6)]
[(1, 6), (3, 4), (3, 5), (5, 6)]
[1, 3, 6, 0, 4, 5, 2]
[(1, 3), (1, 6), (0, 3), (3, 4), (3, 5), (2, 4)]
[(0, 5), (2, 5), (4, 6), (5, 6)]
[(1, 3), (4, 6), (2, 5), (1, 6), (0, 5), (0, 3)]
[1, 1, 1, 0, 1, 1]
[(1, 3), (3, 5), (2, 5), (1, 6), (3, 4), (5, 6)]
[1, 1, 0, 1, 1, 0]

209
[(0, 1), (0, 2), (0, 5), (0, 6), (1, 4), (2, 5), (3, 6), (4, 6), (5, 6)]
5
[5, 0, 1, 4, 6, 3, 2]
[(0, 5), (0, 1), (1, 4), (4, 6), (3, 6), (0, 2)]
[(0, 6), (2, 5), (5, 6)]
[5, 0, 2, 6, 1, 3, 4]
[(0, 5), (2, 5), (5, 6), (0, 1), (3, 6), (4, 6)]
[(0, 2), (0, 6), (1, 4)]
[(0, 6), (2, 5), (0, 5), (3, 6), (0, 2), (1, 4)]
[0, 0, 1, 1, 1, 1]
[(4, 6), (1, 4), (0, 2), (0, 6), (0, 5), (3, 6)]
[1, 0, 0, 0, 1, 1]

210
[(0, 1), (0, 2), (0, 6), (1, 2), (1, 4), (1, 5), (1, 6), (3, 5), (3, 6), (4, 5)]
3
[3, 5, 1, 0, 2, 6, 4]
[(3, 5), (1, 5), (0, 1), (0, 2), (0, 6), (1, 4)]
[(1, 2), (1, 6), (3, 6), (4, 5)]
[3, 5, 6, 1, 4, 0, 2]
[(3, 5), (3, 6), (1, 5), (4, 5), (0, 6), (1, 2)]
[(0, 1), (0, 2), (1, 4), (1, 6)]
[(1, 5), (3, 5), (0, 1), (0, 2), (0, 6), (3, 6)]
[1, 1, 1, 1, 1, 0]
[(1, 4), (4, 5), (3, 6), (3, 5), (1, 2), (0, 1)]
[0, 1, 1, 1, 1, 0]

211
[(0, 1), (0, 2), (0, 3), (0, 6), (1, 2), (1, 3), (1, 6), (2, 4), (3, 4), (5, 6)]
5
[5, 6, 0, 1, 2, 4, 3]
[(5, 6), (0, 6), (0, 1), (1, 2), (2, 4), (3, 4)]
[(0, 2), (0, 3), (1, 3), (1, 6)]
[5, 6, 0, 1, 2, 3, 4]
[(5, 6), (0, 6), (1, 6), (0, 2), (0, 3), (2, 4)]
[(0, 1), (1, 2), (1, 3), (3, 4)]
[(1, 6), (3, 4), (0, 6), (5, 6), (1, 2), (0, 1)]
[0, 1, 1, 1, 1, 1]
[(1, 2), (0, 2), (0, 1), (5, 6), (0, 6), (1, 6)]
[0, 1, 0, 1, 1, 1]

212
[(0, 3), (0, 6), (1, 2), (1, 3), (1, 4), (2, 5), (3, 4), (4, 5), (4, 6), (5, 6)]
4
[4, 1, 2, 5, 6, 0, 3]
[(1, 4), (1, 2), (2, 5), (5, 6), (0, 6), (0, 3)]
[(1, 3), (3, 4), (4, 5), (4, 6)]
[4, 1, 3, 5, 6, 2, 0]
[(1, 4), (3, 4), (4, 5), (4, 6), (1, 2), (0, 3)]
[(0, 6), (1, 3), (2, 5), (5, 6)]
[(1, 2), (2, 5), (4, 5), (1, 4), (0, 3), (3, 4)]
[1, 1, 0, 1, 1, 0]
[(0, 3), (1, 3), (2, 5), (4, 6), (5, 6), (0, 6)]
[1, 0, 0, 1, 0, 0]

213
[(0, 1), (0, 2), (0, 3), (0, 4), (1, 6), (2, 3), (3, 5), (4, 6), (5, 6)]
2
[2, 0, 1, 6, 4, 5, 3]
[(0, 2), (0, 1), (1, 6), (4, 6), (5, 6), (3, 5)]
[(0, 3), (0, 4), (2, 3)]
[2, 0, 3, 1, 4, 5, 6]
[(0, 2), (2, 3), (0, 1), (0, 4), (3, 5), (1, 6)]
[(0, 3), (4, 6), (5, 6)]
[(3, 5), (0, 4), (1, 6), (5, 6), (0, 1), (2, 3)]
[1, 0, 1, 1, 1, 0]
[(0, 4), (0, 3), (0, 1), (5, 6), (1, 6), (4, 6)]
[1, 0, 1, 0, 1, 0]

214
[(0, 2), (0, 5), (1, 2), (1, 4), (1, 6), (2, 5), (3, 5), (3, 6), (4, 6)]
1
[1, 2, 0, 5, 3, 6, 4]
[(1, 2), (0, 2), (0, 5), (3, 5), (3, 6), (4, 6)]
[(1, 4), (1, 6), (2, 5)]
[1, 2, 4, 6, 0, 5, 3]
[(1, 2), (1, 4), (1, 6), (0, 2), (2, 5), (3, 6)]
[(0, 5), (3, 5), (4, 6)]
[(1, 2), (4, 6), (0, 2), (2, 5), (3, 6), (3, 5)]
[1, 1, 1, 0, 1, 1]
[(0, 5), (2, 5), (1, 6), (3, 5), (3, 6), (4, 6)]
[0, 1, 1, 0, 1, 0]

215
[(0, 1), (0, 3), (0, 4), (0, 5), (0, 6), (1, 2), (1, 3), (1, 6), (4, 5), (4, 6), (5, 6)]
3
[3, 0, 1, 2, 6, 4, 5]
[(0, 3), (0, 1), (1, 2), (1, 6), (4, 6), (4, 5)]
[(0, 4), (0, 5), (0, 6), (1, 3), (5, 6)]
[3, 0, 1, 4, 5, 6, 2]
[(0, 3), (1, 3), (0, 4), (0, 5), (0, 6), (1, 2)]
[(0, 1), (1, 6), (4, 5), (4, 6), (5, 6)]
[(4, 6), (5, 6), (1, 6), (0, 3), (4, 5), (1, 2)]
[1, 0, 1, 1, 1, 1]
[(0, 4), (0, 5), (0, 6), (5, 6), (1, 6), (1, 3)]
[1, 1, 1, 0, 0, 1]

216
[(0, 4), (0, 5), (0, 6), (1, 2), (1, 3), (1, 5), (2, 3), (2, 5), (3, 5), (4, 6)]
4
[4, 0, 5, 1, 2, 3, 6]
[(0, 4), (0, 5), (1, 5), (1, 2), (2, 3), (0, 6)]
[(1, 3), (2, 5), (3, 5), (4, 6)]
[4, 0, 6, 5, 1, 2, 3]
[(0, 4), (4, 6), (0, 5), (1, 5), (2, 5), (3, 5)]
[(0, 6), (1, 2), (1, 3), (2, 3)]
[(1, 2), (4, 6), (1, 5), (0, 5), (0, 4), (0, 6)]
[1, 0, 1, 1, 1, 1]
[(1, 5), (2, 5), (1, 2), (1, 3), (2, 3), (0, 6)]
[1, 1, 0, 0, 0, 0]

217
[(0, 2), (0, 3), (0, 5), (0, 6), (1, 2), (1, 4), (1, 5), (4, 5), (4, 6)]
2
[2, 0, 3, 5, 1, 4, 6]
[(0, 2), (0, 3), (0, 5), (1, 5), (1, 4), (4, 6)]
[(0, 6), (1, 2), (4, 5)]
[2, 0, 1, 3, 5, 6, 4]
[(0, 2), (1, 2), (0, 3), (0, 5), (0, 6), (1, 4)]
[(1, 5), (4, 5), (4, 6)]
[(0, 5), (1, 4), (0, 6), (1, 5), (0, 2), (0, 3)]
[1, 1, 0, 1, 1, 1]
[(0, 5), (4, 5), (0, 6), (1, 2), (1, 4), (0, 2)]
[1, 0, 1, 1, 1, 1]

218
[(0, 1), (0, 2), (0, 3), (0, 4), (0, 6), (1, 3), (1, 6), (2, 4), (2, 5), (4, 5)]
6
[6, 0, 1, 3, 2, 4, 5]
[(0, 6), (0, 1), (1, 3), (0, 2), (2, 4), (4, 5)]
[(0, 3), (0, 4), (1, 6), (2, 5)]
[6, 0, 1, 2, 3, 4, 5]
[(0, 6), (1, 6), (0, 2), (0, 3), (0, 4), (2, 5)]
[(0, 1), (1, 3), (2, 4), (4, 5)]
[(0, 4), (2, 5), (1, 3), (0, 2), (1, 6), (0, 3)]
[0, 0, 1, 1, 0, 0]
[(2, 5), (1, 6), (0, 3), (0, 6), (0, 4), (4, 5)]
[1, 1, 1, 1, 1, 0]

219
[(0, 4), (0, 5), (1, 3), (1, 4), (1, 6), (2, 3), (2, 6), (3, 5), (3, 6), (5, 6)]
6
[6, 1, 3, 2, 5, 0, 4]
[(1, 6), (1, 3), (2, 3), (3, 5), (0, 5), (0, 4)]
[(1, 4), (2, 6), (3, 6), (5, 6)]
[6, 1, 2, 3, 5, 4, 0]
[(1, 6), (2, 6), (3, 6), (5, 6), (1, 4), (0, 5)]
[(0, 4), (1, 3), (2, 3), (3, 5)]
[(3, 5), (5, 6), (2, 6), (1, 6), (2, 3), (0, 4)]
[1, 0, 0, 1, 1, 1]
[(1, 4), (0, 5), (3, 6), (1, 3), (0, 4), (1, 6)]
[1, 1, 1, 0, 0, 1]

220
[(0, 2), (1, 2), (1, 3), (1, 4), (1, 6), (2, 4), (2, 5), (3, 5), (5, 6)]
1
[1, 2, 0, 4, 5, 3, 6]
[(1, 2), (0, 2), (2, 4), (2, 5), (3, 5), (5, 6)]
[(1, 3), (1, 4), (1, 6)]
[1, 2, 3, 4, 6, 0, 5]
[(1, 2), (1, 3), (1, 4), (1, 6), (0, 2), (2, 5)]
[(2, 4), (3, 5), (5, 6)]
[(1, 3), (1, 6), (3, 5), (1, 4), (1, 2), (5, 6)]
[0, 0, 1, 0, 1, 1]
[(1, 6), (3, 5), (2, 5), (1, 2), (1, 3), (0, 2)]
[1, 0, 1, 1, 1, 1]

221
[(0, 1), (0, 4), (0, 5), (1, 4), (1, 6), (2, 3), (3, 4), (3, 5), (4, 5), (4, 6), (5, 6)]
1
[1, 0, 4, 3, 2, 5, 6]
[(0, 1), (0, 4), (3, 4), (2, 3), (3, 5), (5, 6)]
[(0, 5), (1, 4), (1, 6), (4, 5), (4, 6)]
[1, 0, 4, 6, 5, 3, 2]
[(0, 1), (1, 4), (1, 6), (0, 5), (3, 4), (2, 3)]
[(0, 4), (3, 5), (4, 5), (4, 6), (5, 6)]
[(0, 1), (5, 6), (0, 5), (3, 5), (3, 4), (2, 3)]
[1, 1, 0, 1, 1, 1]
[(0, 1), (2, 3), (4, 6), (1, 4), (0, 4), (1, 6)]
[1, 1, 0, 1, 0, 1]

222
[(0, 4), (0, 5), (0, 6), (1, 3), (2, 3), (2, 4), (3, 4), (4, 5), (4, 6), (5, 6)]
2
[2, 3, 1, 4, 0, 5, 6]
[(2, 3), (1, 3), (3, 4), (0, 4), (0, 5), (5, 6)]
[(0, 6), (2, 4), (4, 5), (4, 6)]
[2, 3, 4, 1, 0, 5, 6]
[(2, 3), (2, 4), (1, 3), (0, 4), (4, 5), (4, 6)]
[(0, 5), (0, 6), (3, 4), (5, 6)]
[(4, 5), (0, 5), (0, 6), (5, 6), (2, 3), (1, 3)]
[0, 1, 0, 1, 1, 1]
[(4, 6), (0, 5), (1, 3), (2, 4), (0, 6), (2, 3)]
[1, 0, 1, 1, 0, 1]

223
[(0, 5), (0, 6), (1, 3), (1, 4), (1, 5), (2, 3), (2, 4), (2, 6), (3, 5), (4, 6)]
6
[6, 0, 5, 1, 3, 2, 4]
[(0, 6), (0, 5), (1, 5), (1, 3), (2, 3), (2, 4)]
[(1, 4), (2, 6), (3, 5), (4, 6)]
[6, 0, 2, 4, 5, 3, 1]
[(0, 6), (2, 6), (4, 6), (0, 5), (2, 3), (1, 4)]
[(1, 3), (1, 5), (2, 4), (3, 5)]
[(1, 4), (0, 5), (2, 6), (0, 6), (3, 5), (4, 6)]
[0, 1, 0, 1, 0, 0]
[(1, 5), (0, 6), (2, 4), (1, 4), (1, 3), (2, 6)]
[0, 1, 0, 1, 0, 1]

224
[(0, 1), (0, 2), (0, 5), (0, 6), (1, 2), (1, 4), (1, 5), (1, 6), (3, 5), (3, 6)]
1
[1, 0, 2, 5, 3, 6, 4]
[(0, 1), (0, 2), (0, 5), (3, 5), (3, 6), (1, 4)]
[(0, 6), (1, 2), (1, 5), (1, 6)]
[1, 0, 2, 4, 5, 6, 3]
[(0, 1), (1, 2), (1, 4), (1, 5), (1, 6), (3, 5)]
[(0, 2), (0, 5), (0, 6), (3, 6)]
[(0, 6), (3, 6), (0, 2), (0, 1), (3, 5), (1, 4)]
[0, 1, 1, 1, 1, 1]
[(0, 6), (1, 4), (1, 5), (0, 5), (3, 6), (3, 5)]
[0, 1, 1, 0, 0, 1]

225
[(0, 1), (0, 5), (1, 3), (1, 4), (1, 5), (1, 6), (2, 3), (3, 5), (4, 5), (4, 6), (5, 6)]
0
[0, 1, 3, 2, 5, 4, 6]
[(0, 1), (1, 3), (2, 3), (3, 5), (4, 5), (4, 6)]
[(0, 5), (1, 4), (1, 5), (1, 6), (5, 6)]
[0, 1, 5, 3, 4, 6, 2]
[(0, 1), (0, 5), (1, 3), (1, 4), (1, 6), (2, 3)]
[(1, 5), (3, 5), (4, 5), (4, 6), (5, 6)]
[(1, 4), (0, 5), (5, 6), (4, 6), (1, 3), (3, 5)]
[0, 0, 0, 1, 1, 1]
[(4, 5), (0, 1), (4, 6), (1, 3), (0, 5), (2, 3)]
[0, 1, 0, 1, 1, 1]

226
[(0, 2), (0, 6), (1, 2), (1, 6), (2, 3), (2, 4), (2, 5), (3, 6), (4, 6), (5, 6)]
0
[0, 2, 1, 6, 3, 4, 5]
[(0, 2), (1, 2), (1, 6), (3, 6), (4, 6), (5, 6)]
[(0, 6), (2, 3), (2, 4), (2, 5)]
[0, 2, 6, 1, 3, 4, 5]
[(0, 2), (0, 6), (1, 2), (2, 3), (2, 4), (2, 5)]
[(1, 6), (3, 6), (4, 6), (5, 6)]
[(0, 2), (2, 3), (4, 6), (3, 6), (2, 5), (1, 2)]
[1, 0, 1, 1, 0, 1]
[(3, 6), (2, 5), (1, 6), (0, 2), (2, 3), (0, 6)]
[0, 1, 0, 1, 1, 1]

227
[(0, 1), (0, 3), (0, 4), (1, 2), (2, 5), (2, 6), (3, 5), (4, 6), (5, 6)]
1
[1, 0, 3, 5, 2, 6, 4]
[(0, 1), (0, 3), (3, 5), (2, 5), (2, 6), (4, 6)]
[(0, 4), (1, 2), (5, 6)]
[1, 0, 2, 3, 4, 5, 6]
[(0, 1), (1, 2), (0, 3), (0, 4), (2, 5), (2, 6)]
[(3, 5), (4, 6), (5, 6)]
[(2, 6), (0, 3), (2, 5), (1, 2), (3, 5), (4, 6)]
[1, 1, 1, 0, 1, 1]
[(5, 6), (3, 5), (4, 6), (0, 4), (0, 1), (1, 2)]
[0, 0, 0, 1, 1, 1]

228
[(0, 2), (0, 6), (1, 3), (1, 4), (1, 6), (2, 3), (2, 6), (3, 4), (4, 5), (5, 6)]
1
[1, 3, 2, 0, 6, 5, 4]
[(1, 3), (2, 3), (0, 2), (0, 6), (5, 6), (4, 5)]
[(1, 4), (1, 6), (2, 6), (3, 4)]
[1, 3, 4, 6, 2, 5, 0]
[(1, 3), (1, 4), (1, 6), (2, 3), (4, 5), (0, 6)]
[(0, 2), (2, 6), (3, 4), (5, 6)]
[(3, 4), (4, 5), (2, 6), (1, 4), (5, 6), (1, 6)]
[0, 1, 0, 0, 1, 0]
[(1, 6), (5, 6), (1, 3), (1, 4), (0, 6), (4, 5)]
[1, 0, 1, 1, 1, 1]

229
[(0, 2), (0, 4), (0, 5), (1, 2), (1, 5), (2, 4), (2, 5), (2, 6), (3, 4), (3, 5), (5, 6)]
2
[2, 0, 4, 3, 5, 1, 6]
[(0, 2), (0, 4), (3, 4), (3, 5), (1, 5), (5, 6)]
[(0, 5), (1, 2), (2, 4), (2, 5), (2, 6)]
[2, 0, 1, 4, 5, 6, 3]
[(0, 2), (1, 2), (2, 4), (2, 5), (2, 6), (3, 4)]
[(0, 4), (0, 5), (1, 5), (3, 5), (5, 6)]
[(3, 5), (2, 6), (0, 4), (1, 2), (0, 5), (2, 5)]
[1, 0, 1, 0, 0, 0]
[(3, 5), (1, 5), (5, 6), (0, 2), (2, 5), (0, 4)]
[0, 0, 0, 1, 1, 0]

230
[(0, 2), (0, 3), (0, 6), (1, 2), (1, 6), (2, 3), (3, 4), (3, 5), (4, 6)]
2
[2, 0, 3, 4, 6, 1, 5]
[(0, 2), (0, 3), (3, 4), (4, 6), (1, 6), (3, 5)]
[(0, 6), (1, 2), (2, 3)]
[2, 0, 1, 3, 6, 4, 5]
[(0, 2), (1, 2), (2, 3), (0, 6), (3, 4), (3, 5)]
[(0, 3), (1, 6), (4, 6)]
[(1, 6), (1, 2), (2, 3), (0, 2), (3, 5), (0, 3)]
[1, 0, 0, 1, 1, 1]
[(3, 5), (1, 2), (1, 6), (3, 4), (4, 6), (0, 6)]
[1, 1, 0, 1, 0, 1]

231
[(0, 2), (0, 3), (0, 4), (0, 5), (1, 4), (1, 5), (2, 5), (2, 6), (3, 5), (3, 6)]
1
[1, 4, 0, 2, 5, 3, 6]
[(1, 4), (0, 4), (0, 2), (2, 5), (3, 5), (3, 6)]
[(0, 3), (0, 5), (1, 5), (2, 6)]
[1, 4, 5, 0, 2, 3, 6]
[(1, 4), (1, 5), (0, 4), (2, 5), (3, 5), (2, 6)]
[(0, 2), (0, 3), (0, 5), (3, 6)]
[(2, 5), (0, 2), (0, 3), (0, 5), (3, 5), (0, 4)]
[1, 1, 0, 0, 1, 1]
[(0, 4), (2, 5), (2, 6), (3, 6), (1, 4), (3, 5)]
[1, 1, 1, 0, 1, 1]

232
[(0, 3), (0, 5), (0, 6), (1, 2), (1, 6), (2, 3), (2, 6), (3, 4), (3, 5), (3, 6), (5, 6)]
3
[3, 0, 5, 6, 1, 2, 4]
[(0, 3), (0, 5), (5, 6), (1, 6), (1, 2), (3, 4)]
[(0, 6), (2, 3), (2, 6), (3, 5), (3, 6)]
[3, 0, 2, 4, 5, 6, 1]
[(0, 3), (2, 3), (3, 4), (3, 5), (3, 6), (1, 2)]
[(0, 5), (0, 6), (1, 6), (2, 6), (5, 6)]
[(0, 6), (0, 5), (3, 5), (3, 6), (1, 6), (2, 3)]
[0, 1, 0, 0, 1, 0]
[(2, 3), (3, 6), (3, 4), (1, 2), (0, 3), (0, 6)]
[1, 1, 1, 1, 1, 0]

233
[(0, 2), (0, 4), (0, 5), (1, 2), (1, 4), (1, 5), (2, 6), (3, 5), (4, 6), (5, 6)]
3
[3, 5, 0, 2, 1, 4, 6]
[(3, 5), (0, 5), (0, 2), (1, 2), (1, 4), (4, 6)]
[(0, 4), (1, 5), (2, 6), (5, 6)]
[3, 5, 0, 1, 6, 2, 4]
[(3, 5), (0, 5), (1, 5), (5, 6), (0, 2), (0, 4)]
[(1, 2), (1, 4), (2, 6), (4, 6)]
[(5, 6), (4, 6), (0, 4), (2, 6), (1, 2), (1, 5)]
[0, 1, 0, 0, 1, 0]
[(1, 2), (3, 5), (1, 4), (4, 6), (0, 2), (2, 6)]
[0, 1, 0, 0, 1, 0]

234
[(0, 1), (0, 4), (1, 6), (2, 5), (3, 4), (3, 5), (4, 5), (4, 6), (5, 6)]
3
[3, 4, 0, 1, 6, 5, 2]
[(3, 4), (0, 4), (0, 1), (1, 6), (5, 6), (2, 5)]
[(3, 5), (4, 5), (4, 6)]
[3, 4, 5, 0, 6, 2, 1]
[(3, 4), (3, 5), (0, 4), (4, 6), (2, 5), (0, 1)]
[(1, 6), (4, 5), (5, 6)]
[(5, 6), (1, 6), (2, 5), (3, 4), (4, 6), (0, 1)]
[1, 1, 1, 1, 0, 1]
[(4, 6), (2, 5), (0, 4), (5, 6), (4, 5), (1, 6)]
[1, 1, 1, 0, 0, 0]

235
[(0, 1), (0, 4), (0, 6), (1, 5), (2, 4), (2, 5), (2, 6), (3, 5), (3, 6), (5, 6)]
5
[5, 1, 0, 4, 2, 6, 3]
[(1, 5), (0, 1), (0, 4), (2, 4), (2, 6), (3, 6)]
[(0, 6), (2, 5), (3, 5), (5, 6)]
[5, 1, 2, 3, 6, 0, 4]
[(1, 5), (2, 5), (3, 5), (5, 6), (0, 1), (2, 4)]
[(0, 4), (0, 6), (2, 6), (3, 6)]
[(2, 6), (3, 6), (0, 4), (3, 5), (1, 5), (2, 4)]
[1, 1, 1, 0, 1, 1]
[(3, 6), (2, 4), (0, 6), (2, 6), (0, 4), (2, 5)]
[0, 1, 0, 0, 0, 1]

236
[(0, 2), (0, 3), (0, 5), (1, 3), (1, 4), (1, 6), (2, 6), (3, 6), (4, 5), (4, 6)]
2
[2, 0, 3, 1, 4, 5, 6]
[(0, 2), (0, 3), (1, 3), (1, 4), (4, 5), (4, 6)]
[(0, 5), (1, 6), (2, 6), (3, 6)]
[2, 0, 6, 3, 5, 1, 4]
[(0, 2), (2, 6), (0, 3), (0, 5), (1, 6), (4, 6)]
[(1, 3), (1, 4), (3, 6), (4, 5)]
[(1, 6), (0, 3), (2, 6), (4, 6), (1, 3), (0, 2)]
[0, 1, 0, 1, 1, 1]
[(1, 6), (0, 3), (0, 5), (3, 6), (4, 5), (1, 3)]
[1, 1, 1, 0, 0, 0]

237
[(0, 1), (0, 2), (0, 6), (1, 3), (1, 5), (2, 3), (2, 5), (3, 5), (4, 6)]
1
[1, 0, 2, 3, 5, 6, 4]
[(0, 1), (0, 2), (2, 3), (3, 5), (0, 6), (4, 6)]
[(1, 3), (1, 5), (2, 5)]
[1, 0, 3, 5, 2, 6, 4]
[(0, 1), (1, 3), (1, 5), (0, 2), (0, 6), (4, 6)]
[(2, 3), (2, 5), (3, 5)]
[(0, 6), (2, 3), (1, 5), (1, 3), (2, 5), (0, 1)]
[1, 1, 0, 0, 0, 1]
[(1, 3), (0, 2), (2, 5), (0, 1), (3, 5), (0, 6)]
[1, 1, 0, 1, 0, 1]

238
[(0, 2), (1, 2), (1, 3), (1, 6), (2, 3), (2, 4), (2, 5), (2, 6), (3, 5), (4, 5), (4, 6)]
4
[4, 2, 0, 1, 3, 5, 6]
[(2, 4), (0, 2), (1, 2), (1, 3), (3, 5), (1, 6)]
[(2, 3), (2, 5), (2, 6), (4, 5), (4, 6)]
[4, 2, 5, 6, 0, 1, 3]
[(2, 4), (4, 5), (4, 6), (0, 2), (1, 2), (2, 3)]
[(1, 3), (1, 6), (2, 5), (2, 6), (3, 5)]
[(2, 4), (4, 6), (3, 5), (2, 6), (4, 5), (0, 2)]
[1, 0, 1, 0, 0, 1]
[(1, 2), (0, 2), (1, 6), (1, 3), (2, 5), (2, 6)]
[1, 1, 0, 0, 0, 0]

239
[(0, 2), (0, 6), (1, 5), (2, 3), (2, 4), (2, 6), (3, 5), (3, 6), (4, 5), (4, 6)]
1
[1, 5, 3, 2, 0, 6, 4]
[(1, 5), (3, 5), (2, 3), (0, 2), (0, 6), (4, 6)]
[(2, 4), (2, 6), (3, 6), (4, 5)]
[1, 5, 3, 4, 2, 6, 0]
[(1, 5), (3, 5), (4, 5), (2, 3), (3, 6), (0, 2)]
[(0, 6), (2, 4), (2, 6), (4, 6)]
[(4, 5), (0, 6), (4, 6), (3, 5), (0, 2), (2, 3)]
[0, 1, 1, 1, 1, 1]
[(1, 5), (4, 6), (0, 2), (3, 6), (4, 5), (2, 3)]
[1, 0, 1, 1, 1, 1]

240
[(0, 1), (0, 3), (0, 6), (1, 3), (1, 6), (2, 6), (3, 4), (3, 5), (4, 5)]
2
[2, 6, 0, 1, 3, 4, 5]
[(2, 6), (0, 6), (0, 1), (1, 3), (3, 4), (4, 5)]
[(0, 3), (1, 6), (3, 5)]
[2, 6, 0, 1, 3, 4, 5]
[(2, 6), (0, 6), (1, 6), (0, 3), (3, 4), (3, 5)]
[(0, 1), (1, 3), (4, 5)]
[(0, 3), (3, 5), (2, 6), (3, 4), (1, 6), (0, 1)]
[0, 0, 1, 1, 0, 1]
[(4, 5), (1, 3), (3, 5), (3, 4), (1, 6), (0, 3)]
[0, 0, 1, 1, 1, 1]

241
[(0, 6), (1, 2), (1, 5), (2, 4), (2, 5), (2, 6), (3, 4), (3, 5), (3, 6), (4, 5), (4, 6)]
6
[6, 0, 2, 1, 5, 3, 4]
[(0, 6), (2, 6), (1, 2), (1, 5), (3, 5), (3, 4)]
[(2, 4), (2, 5), (3, 6), (4, 5), (4, 6)]
[6, 0, 2, 3, 4, 1, 5]
[(0, 6), (2, 6), (3, 6), (4, 6), (1, 2), (2, 5)]
[(1, 5), (2, 4), (3, 4), (3, 5), (4, 5)]
[(4, 5), (0, 6), (3, 4), (3, 6), (1, 5), (1, 2)]
[0, 1, 1, 0, 1, 1]
[(3, 6), (4, 5), (3, 4), (2, 5), (4, 6), (2, 6)]
[1, 0, 0, 1, 1, 1]

242
[(0, 2), (0, 3), (0, 6), (1, 2), (1, 5), (2, 4), (2, 5), (2, 6), (3, 4), (3, 5)]
1
[1, 2, 0, 3, 4, 5, 6]
[(1, 2), (0, 2), (0, 3), (3, 4), (3, 5), (0, 6)]
[(1, 5), (2, 4), (2, 5), (2, 6)]
[1, 2, 5, 0, 4, 6, 3]
[(1, 2), (1, 5), (0, 2), (2, 4), (2, 6), (3, 5)]
[(0, 3), (0, 6), (2, 5), (3, 4)]
[(1, 5), (2, 5), (0, 2), (1, 2), (3, 4), (2, 6)]
[0, 0, 1, 1, 1, 0]
[(1, 2), (0, 6), (1, 5), (3, 4), (3, 5), (0, 3)]
[1, 0, 1, 0, 1, 0]

243
[(0, 1), (0, 3), (1, 2), (1, 5), (1, 6), (2, 3), (2, 5), (3, 4), (3, 6), (4, 5)]
3
[3, 0, 1, 2, 5, 4, 6]
[(0, 3), (0, 1), (1, 2), (2, 5), (4, 5), (1, 6)]
[(1, 5), (2, 3), (3, 4), (3, 6)]
[3, 0, 2, 4, 6, 1, 5]
[(0, 3), (2, 3), (3, 4), (3, 6), (0, 1), (2, 5)]
[(1, 2), (1, 5), (1, 6), (4, 5)]
[(3, 6), (1, 6), (0, 1), (2, 5), (4, 5), (3, 4)]
[0, 1, 1, 1, 1, 0]
[(0, 1), (2, 5), (3, 4), (2, 3), (1, 5), (3, 6)]
[1, 1, 1, 1, 0, 1]

244
[(0, 1), (0, 6), (1, 2), (1, 5), (1, 6), (2, 3), (2, 4), (2, 6), (3, 5), (5, 6)]
1
[1, 0, 6, 2, 3, 5, 4]
[(0, 1), (0, 6), (2, 6), (2, 3), (3, 5), (2, 4)]
[(1, 2), (1, 5), (1, 6), (5, 6)]
[1, 0, 2, 5, 6, 3, 4]
[(0, 1), (1, 2), (1, 5), (1, 6), (2, 3), (2, 4)]
[(0, 6), (2, 6), (3, 5), (5, 6)]
[(0, 6), (1, 6), (2, 3), (0, 1), (2, 4), (3, 5)]
[1, 0, 1, 1, 1, 1]
[(1, 6), (2, 3), (5, 6), (1, 2), (2, 6), (2, 4)]
[1, 1, 0, 1, 0, 1]

245
[(0, 1), (0, 5), (0, 6), (1, 2), (1, 4), (1, 6), (2, 3), (2, 4), (2, 6), (3, 6)]
1
[1, 0, 5, 6, 2, 3, 4]
[(0, 1), (0, 5), (0, 6), (2, 6), (2, 3), (2, 4)]
[(1, 2), (1, 4), (1, 6), (3, 6)]
[1, 0, 2, 4, 6, 5, 3]
[(0, 1), (1, 2), (1, 4), (1, 6), (0, 5), (2, 3)]
[(0, 6), (2, 4), (2, 6), (3, 6)]
[(1, 2), (0, 1), (2, 3), (0, 5), (0, 6), (2, 6)]
[0, 1, 1, 1, 1, 1]
[(2, 3), (1, 4), (3, 6), (1, 6), (2, 6), (0, 5)]
[1, 1, 0, 1, 0, 1]

246
[(0, 1), (0, 4), (0, 6), (1, 4), (1, 5), (1, 6), (2, 4), (3, 5), (4, 5), (5, 6)]
2
[2, 4, 0, 1, 5, 3, 6]
[(2, 4), (0, 4), (0, 1), (1, 5), (3, 5), (5, 6)]
[(0, 6), (1, 4), (1, 6), (4, 5)]
[2, 4, 0, 1, 5, 6, 3]
[(2, 4), (0, 4), (1, 4), (4, 5), (0, 6), (3, 5)]
[(0, 1), (1, 5), (1, 6), (5, 6)]
[(1, 5), (5, 6), (3, 5), (1, 4), (1, 6), (0, 6)]
[1, 1, 1, 0, 0, 0]
[(1, 4), (0, 1), (0, 6), (0, 4), (3, 5), (1, 5)]
[1, 0, 1, 1, 1, 0]

247
[(0, 2), (0, 3), (0, 5), (1, 3), (1, 4), (1, 6), (2, 3), (2, 5), (3, 5)]
2
[2, 0, 3, 1, 4, 6, 5]
[(0, 2), (0, 3), (1, 3), (1, 4), (1, 6), (3, 5)]
[(0, 5), (2, 3), (2, 5)]
[2, 0, 3, 5, 1, 4, 6]
[(0, 2), (2, 3), (2, 5), (1, 3), (1, 4), (1, 6)]
[(0, 3), (0, 5), (3, 5)]
[(2, 5), (2, 3), (1, 3), (0, 2), (3, 5), (0, 5)]
[0, 0, 1, 1, 1, 0]
[(1, 3), (0, 5), (1, 4), (0, 2), (2, 3), (0, 3)]
[1, 0, 1, 1, 1, 0]

248
[(0, 5), (0, 6), (1, 2), (1, 3), (2, 3), (2, 4), (2, 5), (2, 6), (3, 6)]
0
[0, 5, 2, 1, 3, 6, 4]
[(0, 5), (2, 5), (1, 2), (1, 3), (3, 6), (2, 4)]
[(0, 6), (2, 3), (2, 6)]
[0, 5, 6, 2, 3, 1, 4]
[(0, 5), (0, 6), (2, 5), (3, 6), (1, 2), (2, 4)]
[(1, 3), (2, 3), (2, 6)]
[(0, 6), (2, 3), (1, 3), (0, 5), (2, 6), (1, 2)]
[0, 0, 1, 1, 0, 1]
[(3, 6), (1, 2), (2, 6), (2, 5), (1, 3), (2, 4)]
[1, 1, 0, 1, 0, 1]

249
[(0, 1), (0, 2), (0, 5), (0, 6), (1, 2), (1, 3), (1, 5), (1, 6), (2, 6), (4, 6), (5, 6)]
5
[5, 0, 1, 2, 6, 4, 3]
[(0, 5), (0, 1), (1, 2), (2, 6), (4, 6), (1, 3)]
[(0, 2), (0, 6), (1, 5), (1, 6), (5, 6)]
[5, 0, 1, 6, 2, 3, 4]
[(0, 5), (1, 5), (5, 6), (0, 2), (1, 3), (4, 6)]
[(0, 1), (0, 6), (1, 2), (1, 6), (2, 6)]
[(0, 6), (2, 6), (0, 5), (1, 3), (4, 6), (0, 2)]
[0, 1, 1, 1, 1, 0]
[(0, 2), (1, 5), (0, 6), (1, 2), (0, 1), (2, 6)]
[1, 1, 0, 0, 0, 0]

250
[(0, 3), (1, 2), (1, 4), (2, 4), (2, 5), (3, 4), (3, 5), (4, 6), (5, 6)]
5
[5, 2, 1, 4, 3, 0, 6]
[(2, 5), (1, 2), (1, 4), (3, 4), (0, 3), (4, 6)]
[(2, 4), (3, 5), (5, 6)]
[5, 2, 3, 6, 1, 4, 0]
[(2, 5), (3, 5), (5, 6), (1, 2), (2, 4), (0, 3)]
[(1, 4), (3, 4), (4, 6)]
[(3, 5), (5, 6), (0, 3), (4, 6), (1, 2), (2, 4)]
[0, 0, 1, 1, 1, 0]
[(0, 3), (3, 4), (1, 2), (5, 6), (2, 4), (3, 5)]
[1, 0, 1, 1, 1, 1]

251
[(0, 1), (0, 2), (0, 4), (0, 6), (1, 2), (1, 4), (1, 6), (2, 4), (3, 6), (5, 6)]
2
[2, 0, 1, 4, 6, 3, 5]
[(0, 2), (0, 1), (1, 4), (1, 6), (3, 6), (5, 6)]
[(0, 4), (0, 6), (1, 2), (2, 4)]
[2, 0, 1, 4, 6, 3, 5]
[(0, 2), (1, 2), (2, 4), (0, 6), (3, 6), (5, 6)]
[(0, 1), (0, 4), (1, 4), (1, 6)]
[(1, 6), (1, 2), (0, 6), (3, 6), (5, 6), (1, 4)]
[1, 0, 0, 1, 1, 1]
[(5, 6), (2, 4), (3, 6), (0, 2), (1, 2), (0, 4)]
[1, 1, 1, 1, 1, 0]

252
[(0, 3), (0, 4), (1, 4), (1, 5), (1, 6), (2, 4), (3, 4), (3, 5), (4, 5), (4, 6)]
0
[0, 3, 4, 1, 5, 6, 2]
[(0, 3), (3, 4), (1, 4), (1, 5), (1, 6), (2, 4)]
[(0, 4), (3, 5), (4, 5), (4, 6)]
[0, 3, 4, 5, 1, 2, 6]
[(0, 3), (0, 4), (3, 5), (1, 4), (2, 4), (4, 6)]
[(1, 5), (1, 6), (3, 4), (4, 5)]
[(1, 6), (1, 4), (0, 3), (4, 6), (1, 5), (3, 4)]
[1, 1, 1, 0, 1, 1]
[(4, 5), (3, 4), (1, 4), (0, 3), (2, 4), (1, 5)]
[0, 0, 1, 1, 1, 0]

253
[(0, 1), (0, 3), (0, 5), (0, 6), (1, 3), (1, 5), (1, 6), (2, 4), (3, 5), (3, 6), (4, 5)]
4
[4, 2, 5, 0, 1, 3, 6]
[(2, 4), (4, 5), (0, 5), (0, 1), (1, 3), (3, 6)]
[(0, 3), (0, 6), (1, 5), (1, 6), (3, 5)]
[4, 2, 5, 0, 1, 3, 6]
[(2, 4), (4, 5), (0, 5), (1, 5), (3, 5), (0, 6)]
[(0, 1), (0, 3), (1, 3), (1, 6), (3, 6)]
[(0, 3), (0, 6), (3, 6), (4, 5), (3, 5), (1, 6)]
[0, 0, 1, 1, 0, 0]
[(2, 4), (0, 5), (0, 1), (4, 5), (0, 6), (3, 5)]
[1, 1, 0, 1, 1, 1]

254
[(0, 1), (0, 4), (0, 5), (1, 2), (1, 3), (1, 6), (2, 4), (2, 5), (3, 5), (4, 5)]
5
[5, 0, 1, 2, 4, 3, 6]
[(0, 5), (0, 1), (1, 2), (2, 4), (1, 3), (1, 6)]
[(0, 4), (2, 5), (3, 5), (4, 5)]
[5, 0, 2, 3, 4, 1, 6]
[(0, 5), (2, 5), (3, 5), (4, 5), (0, 1), (1, 6)]
[(0, 4), (1, 2), (1, 3), (2, 4)]
[(1, 3), (0, 5), (4, 5), (0, 4), (3, 5), (2, 5)]
[1, 1, 0, 0, 0, 0]
[(0, 4), (2, 4), (4, 5), (1, 2), (1, 3), (2, 5)]
[0, 0, 1, 0, 0, 1]

255
[(0, 2), (0, 3), (0, 4), (1, 4), (1, 6), (2, 3), (2, 4), (3, 4), (4, 5), (4, 6)]
5
[5, 4, 0, 2, 3, 1, 6]
[(4, 5), (0, 4), (0, 2), (2, 3), (1, 4), (1, 6)]
[(0, 3), (2, 4), (3, 4), (4, 6)]
[5, 4, 0, 1, 2, 3, 6]
[(4, 5), (0, 4), (1, 4), (2, 4), (3, 4), (4, 6)]
[(0, 2), (0, 3), (1, 6), (2, 3)]
[(1, 4), (0, 2), (0, 4), (2, 3), (1, 6), (4, 6)]
[1, 1, 1, 1, 1, 0]
[(0, 2), (1, 6), (3, 4), (2, 4), (0, 4), (0, 3)]
[0, 0, 1, 1, 1, 0]

256
[(0, 3), (0, 4), (1, 4), (1, 6), (2, 4), (2, 6), (3, 4), (3, 5), (3, 6), (4, 6), (5, 6)]
4
[4, 0, 3, 5, 6, 1, 2]
[(0, 4), (0, 3), (3, 5), (5, 6), (1, 6), (2, 6)]
[(1, 4), (2, 4), (3, 4), (3, 6), (4, 6)]
[4, 0, 1, 2, 3, 6, 5]
[(0, 4), (1, 4), (2, 4), (3, 4), (4, 6), (3, 5)]
[(0, 3), (1, 6), (2, 6), (3, 6), (5, 6)]
[(3, 5), (0, 3), (3, 6), (1, 6), (2, 6), (2, 4)]
[1, 1, 0, 1, 1, 0]
[(0, 4), (1, 4), (3, 5), (0, 3), (3, 6), (2, 6)]
[1, 1, 1, 0, 0, 0]

257
[(0, 2), (0, 3), (0, 4), (0, 5), (1, 6), (2, 3), (2, 5), (3, 5), (4, 6)]
4
[4, 0, 2, 3, 5, 6, 1]
[(0, 4), (0, 2), (2, 3), (3, 5), (4, 6), (1, 6)]
[(0, 3), (0, 5), (2, 5)]
[4, 0, 6, 2, 3, 5, 1]
[(0, 4), (4, 6), (0, 2), (0, 3), (0, 5), (1, 6)]
[(2, 3), (2, 5), (3, 5)]
[(4, 6), (0, 3), (0, 5), (0, 2), (2, 5), (2, 3)]
[1, 0, 0, 1, 0, 1]
[(0, 3), (0, 2), (2, 5), (0, 4), (0, 5), (4, 6)]
[1, 1, 0, 1, 1, 1]

258
[(0, 2), (0, 3), (0, 4), (1, 5), (1, 6), (2, 4), (3, 4), (3, 5), (4, 5), (5, 6)]
4
[4, 0, 2, 3, 5, 1, 6]
[(0, 4), (0, 2), (0, 3), (3, 5), (1, 5), (1, 6)]
[(2, 4), (3, 4), (4, 5), (5, 6)]
[4, 0, 2, 3, 5, 1, 6]
[(0, 4), (2, 4), (3, 4), (4, 5), (1, 5), (5, 6)]
[(0, 2), (0, 3), (1, 6), (3, 5)]
[(3, 4), (5, 6), (0, 2), (3, 5), (0, 3), (4, 5)]
[0, 0, 1, 1, 1, 0]
[(0, 4), (0, 3), (1, 6), (5, 6), (3, 5), (0, 2)]
[1, 0, 0, 1, 0, 0]

259
[(0, 1), (0, 3), (0, 4), (0, 6), (1, 2), (1, 4), (1, 6), (2, 4), (4, 6), (5, 6)]
5
[5, 6, 0, 1, 2, 4, 3]
[(5, 6), (0, 6), (0, 1), (1, 2), (2, 4), (0, 3)]
[(0, 4), (1, 4), (1, 6), (4, 6)]
[5, 6, 0, 1, 4, 3, 2]
[(5, 6), (0, 6), (1, 6), (4, 6), (0, 3), (1, 2)]
[(0, 1), (0, 4), (1, 4), (2, 4)]
[(1, 4), (2, 4), (0, 4), (0, 6), (0, 3), (0, 1)]
[0, 1, 0, 1, 1, 1]
[(0, 6), (1, 6), (0, 4), (0, 1), (4, 6), (2, 4)]
[1, 1, 0, 0, 1, 0]

260
[(0, 1), (0, 2), (0, 3), (0, 4), (0, 5), (0, 6), (1, 3), (1, 4), (1, 6), (2, 5), (4, 6)]
6
[6, 0, 1, 3, 4, 2, 5]
[(0, 6), (0, 1), (1, 3), (1, 4), (0, 2), (2, 5)]
[(0, 3), (0, 4), (0, 5), (1, 6), (4, 6)]
[6, 0, 1, 4, 2, 3, 5]
[(0, 6), (1, 6), (4, 6), (0, 2), (0, 3), (0, 5)]
[(0, 1), (0, 4), (1, 3), (1, 4), (2, 5)]
[(1, 3), (0, 1), (4, 6), (1, 4), (0, 6), (0, 2)]
[1, 1, 0, 1, 1, 1]
[(0, 3), (0, 5), (1, 6), (2, 5), (0, 1), (0, 2)]
[1, 1, 1, 0, 0, 1]

261
[(0, 2), (0, 4), (0, 5), (1, 3), (1, 5), (2, 3), (2, 4), (3, 4), (3, 6), (4, 6)]
5
[5, 0, 2, 3, 1, 4, 6]
[(0, 5), (0, 2), (2, 3), (1, 3), (3, 4), (4, 6)]
[(0, 4), (1, 5), (2, 4), (3, 6)]
[5, 0, 1, 2, 4, 3, 6]
[(0, 5), (1, 5), (0, 2), (0, 4), (1, 3), (4, 6)]
[(2, 3), (2, 4), (3, 4), (3, 6)]
[(3, 4), (4, 6), (1, 5), (1, 3), (3, 6), (2, 3)]
[1, 1, 0, 1, 0, 1]
[(3, 4), (0, 4), (1, 5), (2, 4), (1, 3), (0, 2)]
[0, 1, 1, 0, 1, 1]

262
[(0, 2), (0, 3), (0, 4), (0, 6), (1, 6), (2, 4), (2, 5), (3, 6), (4, 5)]
5
[5, 2, 0, 3, 6, 1, 4]
[(2, 5), (0, 2), (0, 3), (3, 6), (1, 6), (0, 4)]
[(0, 6), (2, 4), (4, 5)]
[5, 2, 4, 0, 3, 6, 1]
[(2, 5), (4, 5), (0, 2), (0, 3), (0, 6), (1, 6)]
[(0, 4), (2, 4), (3, 6)]
[(0, 6), (2, 4), (3, 6), (0, 4), (4, 5), (0, 2)]
[0, 0, 1, 1, 0, 1]
[(0, 2), (1, 6), (0, 4), (2, 4), (0, 3), (0, 6)]
[1, 1, 0, 0, 1, 1]

263
[(0, 2), (0, 3), (1, 3), (1, 4), (2, 3), (2, 5), (3, 5), (4, 5), (4, 6), (5, 6)]
3
[3, 0, 2, 5, 4, 1, 6]
[(0, 3), (0, 2), (2, 5), (4, 5), (1, 4), (4, 6)]
[(1, 3), (2, 3), (3, 5), (5, 6)]
[3, 0, 1, 2, 5, 4, 6]
[(0, 3), (1, 3), (2, 3), (3, 5), (1, 4), (5, 6)]
[(0, 2), (2, 5), (4, 5), (4, 6)]
[(3, 5), (2, 3), (1, 4), (0, 3), (4, 6), (0, 2)]
[0, 0, 1, 1, 1, 1]
[(2, 3), (1, 3), (4, 5), (5, 6), (1, 4), (3, 5)]
[1, 1, 0, 1, 1, 1]

264
[(0, 1), (0, 2), (0, 4), (0, 6), (1, 2), (2, 3), (2, 5), (2, 6), (3, 5), (4, 5)]
1
[1, 0, 2, 3, 5, 4, 6]
[(0, 1), (0, 2), (2, 3), (3, 5), (4, 5), (2, 6)]
[(0, 4), (0, 6), (1, 2), (2, 5)]
[1, 0, 2, 4, 6, 3, 5]
[(0, 1), (1, 2), (0, 4), (0, 6), (2, 3), (2, 5)]
[(0, 2), (2, 6), (3, 5), (4, 5)]
[(0, 4), (0, 6), (3, 5), (2, 3), (4, 5), (2, 6)]
[0, 0, 1, 1, 1, 1]
[(2, 5), (0, 1), (2, 6), (4, 5), (0, 6), (2, 3)]
[1, 1, 0, 0, 1, 1]

265
[(0, 5), (1, 3), (1, 5), (2, 3), (2, 4), (2, 6), (3, 4), (4, 6), (5, 6)]
5
[5, 0, 1, 3, 2, 4, 6]
[(0, 5), (1, 5), (1, 3), (2, 3), (2, 4), (4, 6)]
[(2, 6), (3, 4), (5, 6)]
[5, 0, 1, 6, 3, 2, 4]
[(0, 5), (1, 5), (5, 6), (1, 3), (2, 6), (4, 6)]
[(2, 3), (2, 4), (3, 4)]
[(3, 4), (5, 6), (2, 3), (2, 6), (0, 5), (1, 5)]
[0, 0, 1, 0, 1, 1]
[(0, 5), (1, 5), (2, 4), (4, 6), (2, 6), (1, 3)]
[1, 1, 0, 1, 1, 1]

266
[(0, 3), (1, 3), (1, 4), (1, 5), (2, 3), (3, 4), (3, 5), (3, 6), (4, 5), (4, 6), (5, 6)]
1
[1, 3, 0, 2, 4, 5, 6]
[(1, 3), (0, 3), (2, 3), (3, 4), (4, 5), (5, 6)]
[(1, 4), (1, 5), (3, 5), (3, 6), (4, 6)]
[1, 3, 4, 5, 0, 2, 6]
[(1, 3), (1, 4), (1, 5), (0, 3), (2, 3), (3, 6)]
[(3, 4), (3, 5), (4, 5), (4, 6), (5, 6)]
[(2, 3), (0, 3), (3, 4), (1, 3), (5, 6), (3, 6)]
[1, 1, 1, 1, 1, 0]
[(4, 6), (1, 5), (3, 4), (5, 6), (0, 3), (4, 5)]
[0, 1, 0, 0, 1, 0]

267
[(0, 3), (1, 2), (1, 4), (1, 5), (1, 6), (2, 3), (2, 5), (2, 6), (3, 5), (3, 6), (5, 6)]
3
[3, 0, 2, 1, 4, 5, 6]
[(0, 3), (2, 3), (1, 2), (1, 4), (1, 5), (5, 6)]
[(1, 6), (2, 5), (2, 6), (3, 5), (3, 6)]
[3, 0, 2, 5, 6, 1, 4]
[(0, 3), (2, 3), (3, 5), (3, 6), (1, 2), (1, 4)]
[(1, 5), (1, 6), (2, 5), (2, 6), (5, 6)]
[(1, 6), (0, 3), (1, 5), (2, 6), (3, 5), (3, 6)]
[0, 1, 1, 0, 0, 0]
[(1, 4), (3, 5), (5, 6), (2, 6), (2, 3), (0, 3)]
[1, 1, 0, 0, 1, 1]

268
[(0, 1), (0, 2), (0, 6), (1, 4), (1, 6), (2, 4), (2, 6), (3, 4), (3, 5), (4, 6)]
6
[6, 0, 1, 4, 2, 3, 5]
[(0, 6), (0, 1), (1, 4), (2, 4), (3, 4), (3, 5)]
[(0, 2), (1, 6), (2, 6), (4, 6)]
[6, 0, 1, 2, 4, 3, 5]
[(0, 6), (1, 6), (2, 6), (4, 6), (3, 4), (3, 5)]
[(0, 1), (0, 2), (1, 4), (2, 4)]
[(1, 4), (4, 6), (2, 4), (3, 4), (2, 6), (1, 6)]
[1, 0, 1, 1, 0, 0]
[(3, 5), (3, 4), (4, 6), (2, 4), (0, 2), (1, 6)]
[1, 1, 1, 0, 0, 1]

269
[(0, 2), (0, 3), (1, 3), (1, 4), (2, 3), (2, 5), (2, 6), (4, 6), (5, 6)]
1
[1, 3, 0, 2, 5, 6, 4]
[(1, 3), (0, 3), (0, 2), (2, 5), (5, 6), (4, 6)]
[(1, 4), (2, 3), (2, 6)]
[1, 3, 4, 0, 2, 6, 5]
[(1, 3), (1, 4), (0, 3), (2, 3), (4, 6), (2, 5)]
[(0, 2), (2, 6), (5, 6)]
[(2, 6), (5, 6), (1, 4), (2, 3), (0, 3), (0, 2)]
[0, 1, 0, 0, 1, 1]
[(2, 5), (2, 6), (2, 3), (0, 2), (1, 4), (5, 6)]
[1, 0, 1, 0, 1, 0]

270
[(0, 2), (0, 5), (1, 2), (1, 5), (2, 3), (2, 4), (2, 6), (3, 5), (4, 5)]
3
[3, 2, 0, 5, 1, 4, 6]
[(2, 3), (0, 2), (0, 5), (1, 5), (4, 5), (2, 6)]
[(1, 2), (2, 4), (3, 5)]
[3, 2, 5, 0, 1, 4, 6]
[(2, 3), (3, 5), (0, 2), (1, 2), (2, 4), (2, 6)]
[(0, 5), (1, 5), (4, 5)]
[(2, 6), (0, 5), (0, 2), (2, 3), (1, 5), (2, 4)]
[1, 1, 1, 1, 1, 0]
[(2, 4), (0, 2), (0, 5), (4, 5), (3, 5), (2, 3)]
[1, 1, 0, 0, 1, 1]

271
[(0, 4), (0, 5), (0, 6), (1, 2), (1, 4), (2, 5), (3, 4), (3, 5), (4, 6), (5, 6)]
5
[5, 0, 4, 1, 2, 3, 6]
[(0, 5), (0, 4), (1, 4), (1, 2), (3, 4), (4, 6)]
[(0, 6), (2, 5), (3, 5), (5, 6)]
[5, 0, 2, 3, 6, 4, 1]
[(0, 5), (2, 5), (3, 5), (5, 6), (0, 4), (1, 2)]
[(0, 6), (1, 4), (3, 4), (4, 6)]
[(0, 6), (3, 5), (2, 5), (1, 2), (4, 6), (0, 4)]
[0, 0, 0, 1, 1, 1]
[(0, 4), (0, 5), (3, 5), (2, 5), (3, 4), (1, 4)]
[1, 1, 1, 1, 0, 0]

272
[(0, 6), (1, 2), (1, 3), (1, 6), (2, 4), (2, 6), (3, 4), (3, 6), (4, 6), (5, 6)]
2
[2, 1, 3, 4, 6, 0, 5]
[(1, 2), (1, 3), (3, 4), (4, 6), (0, 6), (5, 6)]
[(1, 6), (2, 4), (2, 6), (3, 6)]
[2, 1, 4, 6, 3, 0, 5]
[(1, 2), (2, 4), (2, 6), (1, 3), (0, 6), (5, 6)]
[(1, 6), (3, 4), (3, 6), (4, 6)]
[(1, 3), (1, 6), (3, 6), (4, 6), (5, 6), (1, 2)]
[1, 0, 0, 1, 1, 1]
[(2, 4), (3, 6), (2, 6), (0, 6), (3, 4), (1, 3)]
[1, 0, 1, 1, 0, 1]

273
[(0, 1), (0, 2), (0, 3), (1, 2), (2, 3), (2, 5), (2, 6), (3, 5), (4, 6), (5, 6)]
0
[0, 1, 2, 3, 5, 6, 4]
[(0, 1), (1, 2), (2, 3), (3, 5), (5, 6), (4, 6)]
[(0, 2), (0, 3), (2, 5), (2, 6)]
[0, 1, 2, 3, 5, 6, 4]
[(0, 1), (0, 2), (0, 3), (2, 5), (2, 6), (4, 6)]
[(1, 2), (2, 3), (3, 5), (5, 6)]
[(5, 6), (0, 3), (0, 1), (2, 5), (2, 6), (2, 3)]
[1, 0, 1, 0, 0, 1]
[(4, 6), (0, 2), (0, 3), (0, 1), (2, 6), (1, 2)]
[1, 1, 1, 1, 1, 0]

274
[(0, 1), (0, 4), (0, 5), (0, 6), (1, 3), (1, 4), (1, 5), (1, 6), (2, 4), (3, 5)]
0
[0, 1, 3, 5, 4, 2, 6]
[(0, 1), (1, 3), (3, 5), (1, 4), (2, 4), (1, 6)]
[(0, 4), (0, 5), (0, 6), (1, 5)]
[0, 1, 4, 5, 6, 3, 2]
[(0, 1), (0, 4), (0, 5), (0, 6), (1, 3), (2, 4)]
[(1, 4), (1, 5), (1, 6), (3, 5)]
[(0, 6), (1, 4), (0, 4), (1, 5), (2, 4), (1, 6)]
[0, 1, 0, 0, 1, 1]
[(0, 4), (2, 4), (0, 5), (0, 6), (1, 6), (0, 1)]
[1, 1, 1, 1, 0, 1]

275
[(0, 1), (0, 2), (0, 3), (0, 4), (1, 5), (1, 6), (2, 5), (2, 6), (3, 4)]
2
[2, 0, 1, 5, 6, 3, 4]
[(0, 2), (0, 1), (1, 5), (1, 6), (0, 3), (3, 4)]
[(0, 4), (2, 5), (2, 6)]
[2, 0, 5, 6, 1, 3, 4]
[(0, 2), (2, 5), (2, 6), (0, 1), (0, 3), (0, 4)]
[(1, 5), (1, 6), (3, 4)]
[(1, 6), (0, 4), (0, 3), (0, 2), (3, 4), (1, 5)]
[1, 0, 1, 1, 1, 1]
[(0, 4), (0, 2), (0, 3), (3, 4), (2, 5), (2, 6)]
[1, 1, 1, 0, 1, 1]

276
[(0, 2), (0, 3), (0, 4), (0, 5), (0, 6), (1, 2), (1, 3), (2, 3), (2, 5), (3, 4)]
1
[1, 2, 0, 3, 4, 5, 6]
[(1, 2), (0, 2), (0, 3), (3, 4), (0, 5), (0, 6)]
[(0, 4), (1, 3), (2, 3), (2, 5)]
[1, 2, 3, 0, 5, 4, 6]
[(1, 2), (1, 3), (0, 2), (2, 5), (3, 4), (0, 6)]
[(0, 3), (0, 4), (0, 5), (2, 3)]
[(3, 4), (2, 3), (1, 3), (2, 5), (0, 4), (0, 3)]
[1, 0, 0, 0, 0, 1]
[(1, 3), (0, 6), (0, 4), (0, 2), (3, 4), (1, 2)]
[1, 1, 0, 1, 1, 1]

277
[(0, 4), (0, 5), (1, 3), (1, 4), (1, 6), (2, 6), (3, 4), (3, 6), (4, 5), (4, 6)]
5
[5, 0, 4, 1, 3, 6, 2]
[(0, 5), (0, 4), (1, 4), (1, 3), (3, 6), (2, 6)]
[(1, 6), (3, 4), (4, 5), (4, 6)]
[5, 0, 4, 1, 3, 6, 2]
[(0, 5), (4, 5), (1, 4), (3, 4), (4, 6), (2, 6)]
[(0, 4), (1, 3), (1, 6), (3, 6)]
[(1, 6), (3, 4), (0, 5), (1, 3), (1, 4), (2, 6)]
[0, 0, 1, 1, 1, 1]
[(2, 6), (4, 6), (0, 5), (4, 5), (1, 6), (1, 4)]
[1, 1, 1, 1, 0, 1]

278
[(0, 3), (1, 2), (1, 6), (2, 3), (2, 4), (2, 5), (2, 6), (3, 4), (5, 6)]
5
[5, 2, 1, 6, 3, 0, 4]
[(2, 5), (1, 2), (1, 6), (2, 3), (0, 3), (3, 4)]
[(2, 4), (2, 6), (5, 6)]
[5, 2, 6, 1, 3, 4, 0]
[(2, 5), (5, 6), (1, 2), (2, 3), (2, 4), (0, 3)]
[(1, 6), (2, 6), (3, 4)]
[(2, 4), (5, 6), (2, 6), (1, 6), (2, 3), (2, 5)]
[0, 0, 0, 1, 1, 1]
[(3, 4), (2, 3), (1, 2), (2, 6), (1, 6), (2, 5)]
[0, 1, 1, 0, 0, 1]

279
[(0, 1), (0, 2), (0, 5), (1, 3), (1, 5), (2, 5), (2, 6), (4, 5), (4, 6)]
4
[4, 5, 0, 1, 3, 2, 6]
[(4, 5), (0, 5), (0, 1), (1, 3), (0, 2), (2, 6)]
[(1, 5), (2, 5), (4, 6)]
[4, 5, 6, 0, 1, 2, 3]
[(4, 5), (4, 6), (0, 5), (1, 5), (2, 5), (1, 3)]
[(0, 1), (0, 2), (2, 6)]
[(2, 5), (1, 5), (0, 2), (0, 1), (0, 5), (4, 5)]
[0, 0, 1, 1, 1, 1]
[(0, 1), (2, 5), (0, 5), (2, 6), (4, 6), (0, 2)]
[0, 1, 1, 0, 1, 0]

280
[(0, 1), (0, 3), (0, 4), (0, 6), (1, 3), (1, 4), (1, 5), (2, 4), (3, 4), (4, 6), (5, 6)]
4
[4, 0, 1, 3, 5, 6, 2]
[(0, 4), (0, 1), (1, 3), (1, 5), (5, 6), (2, 4)]
[(0, 3), (0, 6), (1, 4), (3, 4), (4, 6)]
[4, 0, 1, 2, 3, 6, 5]
[(0, 4), (1, 4), (2, 4), (3, 4), (4, 6), (1, 5)]
[(0, 1), (0, 3), (0, 6), (1, 3), (5, 6)]
[(0, 4), (1, 3), (1, 5), (5, 6), (0, 1), (0, 6)]
[1, 1, 1, 1, 1, 0]
[(3, 4), (1, 4), (4, 6), (0, 3), (0, 4), (2, 4)]
[1, 1, 1, 0, 1, 1]

281
[(0, 2), (0, 4), (0, 6), (1, 4), (1, 5), (2, 6), (3, 4), (3, 5), (5, 6)]
3
[3, 4, 0, 2, 6, 5, 1]
[(3, 4), (0, 4), (0, 2), (2, 6), (5, 6), (1, 5)]
[(0, 6), (1, 4), (3, 5)]
[3, 4, 5, 0, 1, 6, 2]
[(3, 4), (3, 5), (0, 4), (1, 4), (5, 6), (0, 2)]
[(0, 6), (1, 5), (2, 6)]
[(0, 2), (2, 6), (0, 4), (3, 4), (5, 6), (1, 4)]
[1, 1, 1, 1, 1, 0]
[(0, 6), (0, 4), (3, 5), (2, 6), (1, 5), (5, 6)]
[0, 1, 1, 0, 0, 1]

282
[(0, 1), (0, 2), (0, 3), (1, 2), (1, 4), (1, 5), (3, 4), (3, 6), (4, 5), (4, 6)]
4
[4, 1, 0, 2, 3, 6, 5]
[(1, 4), (0, 1), (0, 2), (0, 3), (3, 6), (1, 5)]
[(1, 2), (3, 4), (4, 5), (4, 6)]
[4, 1, 3, 5, 6, 0, 2]
[(1, 4), (3, 4), (4, 5), (4, 6), (0, 1), (1, 2)]
[(0, 2), (0, 3), (1, 5), (3, 6)]
[(0, 2), (0, 3), (1, 4), (4, 5), (0, 1), (3, 6)]
[1, 1, 1, 0, 1, 1]
[(3, 4), (1, 5), (4, 6), (3, 6), (0, 3), (0, 2)]
[1, 0, 1, 0, 0, 0]

283
[(0, 3), (0, 6), (1, 3), (1, 5), (1, 6), (2, 4), (2, 5), (4, 5), (4, 6), (5, 6)]
3
[3, 0, 6, 1, 5, 2, 4]
[(0, 3), (0, 6), (1, 6), (1, 5), (2, 5), (2, 4)]
[(1, 3), (4, 5), (4, 6), (5, 6)]
[3, 0, 1, 6, 5, 4, 2]
[(0, 3), (1, 3), (0, 6), (1, 5), (4, 6), (2, 5)]
[(1, 6), (2, 4), (4, 5), (5, 6)]
[(1, 5), (1, 6), (2, 5), (0, 6), (4, 5), (2, 4)]
[1, 1, 1, 1, 0, 1]
[(4, 6), (1, 6), (5, 6), (0, 3), (0, 6), (4, 5)]
[1, 0, 0, 1, 1, 0]

284
[(0, 5), (0, 6), (1, 6), (2, 3), (2, 4), (3, 5), (3, 6), (4, 5), (4, 6)]
5
[5, 0, 6, 1, 3, 2, 4]
[(0, 5), (0, 6), (1, 6), (3, 6), (2, 3), (2, 4)]
[(3, 5), (4, 5), (4, 6)]
[5, 0, 3, 4, 6, 2, 1]
[(0, 5), (3, 5), (4, 5), (0, 6), (2, 3), (1, 6)]
[(2, 4), (3, 6), (4, 6)]
[(0, 6), (2, 4), (3, 6), (3, 5), (0, 5), (1, 6)]
[1, 1, 1, 0, 1, 1]
[(3, 5), (0, 5), (4, 6), (2, 3), (0, 6), (4, 5)]
[1, 1, 0, 1, 1, 1]

285
[(0, 1), (0, 2), (0, 3), (0, 5), (1, 6), (2, 6), (3, 4), (3, 6), (4, 5), (4, 6)]
5
[5, 0, 1, 6, 2, 3, 4]
[(0, 5), (0, 1), (1, 6), (2, 6), (3, 6), (3, 4)]
[(0, 2), (0, 3), (4, 5), (4, 6)]
[5, 0, 4, 1, 2, 3, 6]
[(0, 5), (4, 5), (0, 1), (0, 2), (0, 3), (4, 6)]
[(1, 6), (2, 6), (3, 4), (3, 6)]
[(4, 6), (3, 4), (0, 1), (3, 6), (1, 6), (0, 3)]
[0, 1, 1, 1, 1, 0]
[(2, 6), (1, 6), (3, 6), (0, 2), (4, 5), (0, 5)]
[0, 0, 0, 1, 1, 1]

286
[(0, 1), (0, 2), (0, 3), (0, 6), (1, 6), (2, 3), (2, 5), (3, 5), (4, 5), (5, 6)]
0
[0, 1, 6, 5, 2, 3, 4]
[(0, 1), (1, 6), (5, 6), (2, 5), (2, 3), (4, 5)]
[(0, 2), (0, 3), (0, 6), (3, 5)]
[0, 1, 2, 3, 6, 5, 4]
[(0, 1), (0, 2), (0, 3), (0, 6), (2, 5), (4, 5)]
[(1, 6), (2, 3), (3, 5), (5, 6)]
[(0, 6), (2, 3), (2, 5), (5, 6), (0, 1), (1, 6)]
[0, 1, 1, 1, 1, 1]
[(2, 3), (3, 5), (5, 6), (0, 6), (0, 2), (0, 1)]
[0, 0, 0, 1, 1, 1]

287
[(0, 4), (0, 6), (1, 3), (1, 4), (1, 5), (2, 3), (3, 5), (3, 6), (4, 5), (4, 6), (5, 6)]
1
[1, 3, 2, 5, 4, 0, 6]
[(1, 3), (2, 3), (3, 5), (4, 5), (0, 4), (0, 6)]
[(1, 4), (1, 5), (3, 6), (4, 6), (5, 6)]
[1, 3, 4, 5, 2, 6, 0]
[(1, 3), (1, 4), (1, 5), (2, 3), (3, 6), (0, 4)]
[(0, 6), (3, 5), (4, 5), (4, 6), (5, 6)]
[(3, 6), (4, 5), (0, 6), (4, 6), (1, 3), (3, 5)]
[0, 1, 1, 0, 1, 1]
[(4, 5), (3, 6), (4, 6), (0, 4), (5, 6), (0, 6)]
[0, 1, 0, 1, 0, 0]

288
[(0, 4), (0, 5), (1, 2), (1, 3), (2, 4), (2, 5), (2, 6), (3, 4), (4, 6), (5, 6)]
3
[3, 1, 2, 4, 0, 5, 6]
[(1, 3), (1, 2), (2, 4), (0, 4), (0, 5), (5, 6)]
[(2, 5), (2, 6), (3, 4), (4, 6)]
[3, 1, 4, 2, 0, 6, 5]
[(1, 3), (3, 4), (1, 2), (0, 4), (4, 6), (2, 5)]
[(0, 5), (2, 4), (2, 6), (5, 6)]
[(1, 3), (5, 6), (0, 4), (3, 4), (4, 6), (2, 5)]
[1, 1, 1, 0, 0, 0]
[(0, 4), (5, 6), (3, 4), (2, 6), (2, 4), (0, 5)]
[1, 0, 1, 0, 0, 0]

289
[(0, 5), (0, 6), (1, 2), (1, 3), (2, 5), (3, 5), (3, 6), (4, 5), (4, 6)]
2
[2, 1, 3, 5, 0, 6, 4]
[(1, 2), (1, 3), (3, 5), (0, 5), (0, 6), (4, 6)]
[(2, 5), (3, 6), (4, 5)]
[2, 1, 5, 3, 0, 4, 6]
[(1, 2), (2, 5), (1, 3), (0, 5), (4, 5), (3, 6)]
[(0, 6), (3, 5), (4, 6)]
[(1, 3), (3, 5), (0, 6), (4, 5), (1, 2), (0, 5)]
[1, 1, 1, 0, 1, 1]
[(0, 6), (1, 2), (3, 5), (4, 5), (4, 6), (1, 3)]
[0, 1, 0, 1, 0, 1]

290
[(0, 2), (0, 3), (0, 4), (1, 2), (1, 4), (1, 5), (2, 6), (3, 5), (4, 6)]
0
[0, 2, 1, 4, 6, 5, 3]
[(0, 2), (1, 2), (1, 4), (4, 6), (1, 5), (3, 5)]
[(0, 3), (0, 4), (2, 6)]
[0, 2, 3, 4, 1, 6, 5]
[(0, 2), (0, 3), (0, 4), (1, 2), (2, 6), (3, 5)]
[(1, 4), (1, 5), (4, 6)]
[(2, 6), (1, 4), (0, 3), (3, 5), (0, 4), (0, 2)]
[0, 1, 0, 1, 0, 1]
[(0, 2), (2, 6), (0, 3), (1, 5), (0, 4), (1, 2)]
[1, 1, 1, 0, 1, 1]

291
[(0, 6), (1, 3), (1, 5), (2, 3), (2, 4), (2, 5), (2, 6), (3, 4), (4, 5)]
6
[6, 0, 2, 3, 1, 5, 4]
[(0, 6), (2, 6), (2, 3), (1, 3), (1, 5), (4, 5)]
[(2, 4), (2, 5), (3, 4)]
[6, 0, 2, 3, 4, 5, 1]
[(0, 6), (2, 6), (2, 3), (2, 4), (2, 5), (1, 3)]
[(1, 5), (3, 4), (4, 5)]
[(2, 6), (0, 6), (1, 5), (2, 5), (3, 4), (2, 4)]
[1, 1, 1, 0, 0, 0]
[(1, 5), (3, 4), (2, 4), (1, 3), (4, 5), (2, 5)]
[0, 0, 1, 1, 0, 1]

292
[(0, 2), (0, 4), (1, 2), (1, 4), (2, 3), (2, 4), (2, 6), (3, 4), (4, 5), (4, 6)]
4
[4, 0, 2, 1, 3, 6, 5]
[(0, 4), (0, 2), (1, 2), (2, 3), (2, 6), (4, 5)]
[(1, 4), (2, 4), (3, 4), (4, 6)]
[4, 0, 1, 2, 3, 5, 6]
[(0, 4), (1, 4), (2, 4), (3, 4), (4, 5), (4, 6)]
[(0, 2), (1, 2), (2, 3), (2, 6)]
[(2, 4), (2, 6), (4, 6), (1, 2), (1, 4), (3, 4)]
[0, 1, 0, 1, 0, 0]
[(0, 2), (2, 3), (1, 2), (2, 6), (2, 4), (3, 4)]
[0, 0, 0, 0, 1, 1]

293
[(0, 1), (0, 6), (1, 6), (2, 3), (2, 4), (2, 5), (2, 6), (3, 5), (4, 6), (5, 6)]
4
[4, 2, 3, 5, 6, 0, 1]
[(2, 4), (2, 3), (3, 5), (5, 6), (0, 6), (0, 1)]
[(1, 6), (2, 5), (2, 6), (4, 6)]
[4, 2, 6, 3, 5, 0, 1]
[(2, 4), (4, 6), (2, 3), (2, 5), (0, 6), (1, 6)]
[(0, 1), (2, 6), (3, 5), (5, 6)]
[(2, 5), (2, 6), (5, 6), (1, 6), (4, 6), (0, 1)]
[0, 0, 1, 0, 0, 1]
[(1, 6), (2, 6), (2, 4), (4, 6), (2, 3), (0, 6)]
[1, 0, 1, 1, 1, 1]

294
[(0, 2), (0, 3), (1, 2), (1, 3), (2, 3), (2, 5), (3, 4), (3, 6), (4, 6)]
5
[5, 2, 0, 3, 1, 4, 6]
[(2, 5), (0, 2), (0, 3), (1, 3), (3, 4), (4, 6)]
[(1, 2), (2, 3), (3, 6)]
[5, 2, 0, 1, 3, 4, 6]
[(2, 5), (0, 2), (1, 2), (2, 3), (3, 4), (3, 6)]
[(0, 3), (1, 3), (4, 6)]
[(4, 6), (1, 3), (2, 3), (3, 6), (1, 2), (0, 3)]
[1, 1, 0, 0, 0, 1]
[(0, 3), (4, 6), (3, 4), (1, 3), (0, 2), (2, 3)]
[0, 0, 1, 0, 1, 1]

295
[(0, 1), (0, 2), (0, 6), (1, 2), (1, 3), (1, 6), (2, 6), (3, 6), (4, 5), (4, 6), (5, 6)]
5
[5, 4, 6, 0, 1, 2, 3]
[(4, 5), (4, 6), (0, 6), (0, 1), (1, 2), (1, 3)]
[(0, 2), (1, 6), (2, 6), (3, 6), (5, 6)]
[5, 4, 6, 0, 1, 2, 3]
[(4, 5), (5, 6), (0, 6), (1, 6), (2, 6), (3, 6)]
[(0, 1), (0, 2), (1, 2), (1, 3), (4, 6)]
[(5, 6), (1, 3), (0, 1), (0, 2), (3, 6), (4, 6)]
[0, 1, 1, 0, 0, 1]
[(0, 6), (1, 6), (1, 2), (4, 6), (0, 2), (2, 6)]
[1, 1, 0, 0, 0, 1]

296
[(0, 4), (1, 2), (1, 3), (1, 5), (2, 3), (2, 5), (3, 4), (3, 5), (4, 5), (4, 6)]
3
[3, 1, 2, 5, 4, 0, 6]
[(1, 3), (1, 2), (2, 5), (4, 5), (0, 4), (4, 6)]
[(1, 5), (2, 3), (3, 4), (3, 5)]
[3, 1, 2, 4, 5, 0, 6]
[(1, 3), (2, 3), (3, 4), (3, 5), (0, 4), (4, 6)]
[(1, 2), (1, 5), (2, 5), (4, 5)]
[(3, 5), (1, 2), (2, 3), (1, 3), (4, 5), (0, 4)]
[0, 1, 0, 1, 1, 1]
[(1, 2), (1, 5), (4, 6), (2, 3), (1, 3), (0, 4)]
[0, 0, 1, 1, 1, 1]

297
[(0, 2), (0, 3), (0, 4), (0, 5), (1, 3), (1, 5), (2, 5), (3, 5), (3, 6), (4, 5), (5, 6)]
6
[6, 3, 0, 2, 5, 1, 4]
[(3, 6), (0, 3), (0, 2), (2, 5), (1, 5), (4, 5)]
[(0, 4), (0, 5), (1, 3), (3, 5), (5, 6)]
[6, 3, 5, 0, 1, 2, 4]
[(3, 6), (5, 6), (0, 3), (1, 3), (2, 5), (4, 5)]
[(0, 2), (0, 4), (0, 5), (1, 5), (3, 5)]
[(1, 5), (0, 3), (0, 2), (2, 5), (1, 3), (4, 5)]
[1, 1, 1, 1, 0, 1]
[(1, 5), (0, 5), (0, 4), (4, 5), (2, 5), (5, 6)]
[0, 0, 0, 1, 1, 1]

298
[(0, 2), (0, 4), (1, 2), (1, 3), (2, 3), (2, 4), (2, 5), (2, 6), (3, 5), (3, 6), (4, 6)]
5
[5, 2, 0, 4, 6, 3, 1]
[(2, 5), (0, 2), (0, 4), (4, 6), (3, 6), (1, 3)]
[(1, 2), (2, 3), (2, 4), (2, 6), (3, 5)]
[5, 2, 3, 0, 1, 4, 6]
[(2, 5), (3, 5), (0, 2), (1, 2), (2, 4), (2, 6)]
[(0, 4), (1, 3), (2, 3), (3, 6), (4, 6)]
[(3, 5), (2, 3), (2, 4), (1, 3), (2, 5), (0, 4)]
[0, 0, 0, 1, 1, 1]
[(2, 5), (0, 2), (1, 3), (2, 6), (2, 4), (3, 6)]
[1, 1, 0, 1, 1, 0]

299
[(0, 2), (0, 3), (1, 2), (1, 6), (2, 3), (2, 4), (2, 6), (3, 5), (4, 5), (4, 6)]
5
[5, 3, 0, 2, 1, 6, 4]
[(3, 5), (0, 3), (0, 2), (1, 2), (1, 6), (4, 6)]
[(2, 3), (2, 4), (2, 6), (4, 5)]
[5, 3, 4, 0, 2, 6, 1]
[(3, 5), (4, 5), (0, 3), (2, 3), (4, 6), (1, 2)]
[(0, 2), (1, 6), (2, 4), (2, 6)]
[(3, 5), (4, 6), (2, 6), (4, 5), (0, 2), (2, 3)]
[1, 1, 0, 0, 1, 0]
[(0, 3), (0, 2), (1, 6), (1, 2), (2, 3), (4, 6)]
[1, 0, 0, 1, 1, 1]

300
[(0, 2), (0, 5), (1, 2), (1, 3), (1, 4), (2, 6), (3, 4), (3, 5), (4, 5), (5, 6)]
6
[6, 2, 0, 5, 3, 1, 4]
[(2, 6), (0, 2), (0, 5), (3, 5), (1, 3), (1, 4)]
[(1, 2), (3, 4), (4, 5), (5, 6)]
[6, 2, 5, 0, 1, 3, 4]
[(2, 6), (5, 6), (0, 2), (1, 2), (3, 5), (4, 5)]
[(0, 5), (1, 3), (1, 4), (3, 4)]
[(4, 5), (3, 4), (3, 5), (1, 4), (1, 2), (0, 5)]
[0, 0, 1, 1, 0, 1]
[(1, 2), (4, 5), (1, 3), (5, 6), (3, 5), (1, 4)]
[1, 1, 0, 1, 1, 0]

301
[(0, 1), (0, 2), (0, 4), (0, 5), (0, 6), (1, 4), (2, 4), (3, 6), (4, 5)]
0
[0, 1, 4, 2, 5, 6, 3]
[(0, 1), (1, 4), (2, 4), (4, 5), (0, 6), (3, 6)]
[(0, 2), (0, 4), (0, 5)]
[0, 1, 2, 4, 5, 6, 3]
[(0, 1), (0, 2), (0, 4), (0, 5), (0, 6), (3, 6)]
[(1, 4), (2, 4), (4, 5)]
[(1, 4), (0, 4), (2, 4), (0, 1), (4, 5), (0, 6)]
[1, 0, 1, 1, 1, 1]
[(0, 4), (0, 6), (0, 2), (0, 1), (0, 5), (1, 4)]
[1, 1, 1, 1, 1, 0]

302
[(0, 3), (0, 4), (0, 5), (1, 3), (1, 5), (1, 6), (2, 3), (2, 6), (4, 6)]
0
[0, 3, 1, 5, 6, 2, 4]
[(0, 3), (1, 3), (1, 5), (1, 6), (2, 6), (4, 6)]
[(0, 4), (0, 5), (2, 3)]
[0, 3, 4, 5, 1, 2, 6]
[(0, 3), (0, 4), (0, 5), (1, 3), (2, 3), (4, 6)]
[(1, 5), (1, 6), (2, 6)]
[(0, 5), (1, 5), (2, 6), (1, 3), (4, 6), (1, 6)]
[0, 1, 1, 1, 1, 1]
[(2, 6), (0, 5), (2, 3), (0, 3), (1, 3), (1, 6)]
[0, 1, 1, 1, 1, 0]

303
[(0, 1), (0, 5), (1, 3), (1, 5), (2, 4), (3, 4), (3, 6), (4, 6), (5, 6)]
4
[4, 2, 3, 1, 0, 5, 6]
[(2, 4), (3, 4), (1, 3), (0, 1), (0, 5), (5, 6)]
[(1, 5), (3, 6), (4, 6)]
[4, 2, 3, 6, 1, 5, 0]
[(2, 4), (3, 4), (4, 6), (1, 3), (5, 6), (0, 1)]
[(0, 5), (1, 5), (3, 6)]
[(0, 5), (5, 6), (3, 4), (3, 6), (2, 4), (1, 5)]
[1, 1, 1, 0, 1, 0]
[(3, 6), (0, 5), (3, 4), (4, 6), (0, 1), (1, 5)]
[0, 0, 1, 1, 1, 0]

304
[(0, 2), (0, 5), (1, 3), (1, 4), (1, 6), (2, 3), (2, 6), (3, 6), (4, 5), (4, 6)]
0
[0, 2, 3, 1, 4, 5, 6]
[(0, 2), (2, 3), (1, 3), (1, 4), (4, 5), (4, 6)]
[(0, 5), (1, 6), (2, 6), (3, 6)]
[0, 2, 5, 3, 6, 4, 1]
[(0, 2), (0, 5), (2, 3), (2, 6), (4, 5), (1, 3)]
[(1, 4), (1, 6), (3, 6), (4, 6)]
[(1, 3), (2, 6), (3, 6), (0, 2), (1, 6), (1, 4)]
[1, 0, 0, 1, 0, 1]
[(4, 6), (1, 6), (4, 5), (1, 4), (0, 5), (3, 6)]
[0, 0, 1, 0, 1, 0]

305
[(0, 1), (0, 3), (0, 4), (1, 3), (1, 4), (2, 4), (2, 5), (2, 6), (3, 4), (3, 6)]
0
[0, 1, 3, 4, 2, 5, 6]
[(0, 1), (1, 3), (3, 4), (2, 4), (2, 5), (2, 6)]
[(0, 3), (0, 4), (1, 4), (3, 6)]
[0, 1, 3, 4, 6, 2, 5]
[(0, 1), (0, 3), (0, 4), (3, 6), (2, 4), (2, 5)]
[(1, 3), (1, 4), (2, 6), (3, 4)]
[(0, 1), (1, 4), (0, 3), (2, 5), (0, 4), (3, 4)]
[1, 0, 0, 1, 0, 1]
[(1, 3), (0, 3), (0, 1), (2, 5), (0, 4), (3, 6)]
[0, 1, 1, 1, 1, 1]

306
[(0, 1), (0, 5), (0, 6), (1, 3), (1, 5), (2, 6), (3, 5), (3, 6), (4, 6)]
2
[2, 6, 0, 1, 3, 5, 4]
[(2, 6), (0, 6), (0, 1), (1, 3), (3, 5), (4, 6)]
[(0, 5), (1, 5), (3, 6)]
[2, 6, 0, 3, 4, 1, 5]
[(2, 6), (0, 6), (3, 6), (4, 6), (0, 1), (0, 5)]
[(1, 3), (1, 5), (3, 5)]
[(1, 3), (0, 5), (2, 6), (0, 6), (4, 6), (0, 1)]
[1, 0, 1, 1, 1, 1]
[(2, 6), (3, 5), (0, 5), (1, 3), (3, 6), (1, 5)]
[1, 0, 1, 0, 1, 0]

307
[(0, 3), (0, 6), (1, 3), (1, 5), (1, 6), (2, 5), (3, 4), (4, 5), (4, 6), (5, 6)]
1
[1, 3, 0, 6, 4, 5, 2]
[(1, 3), (0, 3), (0, 6), (4, 6), (4, 5), (2, 5)]
[(1, 5), (1, 6), (3, 4), (5, 6)]
[1, 3, 5, 6, 0, 4, 2]
[(1, 3), (1, 5), (1, 6), (0, 3), (3, 4), (2, 5)]
[(0, 6), (4, 5), (4, 6), (5, 6)]
[(4, 6), (0, 3), (4, 5), (5, 6), (2, 5), (1, 5)]
[1, 1, 1, 0, 1, 0]
[(0, 6), (2, 5), (0, 3), (4, 6), (5, 6), (1, 3)]
[0, 1, 1, 0, 0, 1]

308
[(0, 1), (0, 2), (0, 6), (1, 5), (2, 5), (3, 5), (3, 6), (4, 5), (4, 6)]
0
[0, 1, 5, 2, 3, 6, 4]
[(0, 1), (1, 5), (2, 5), (3, 5), (3, 6), (4, 6)]
[(0, 2), (0, 6), (4, 5)]
[0, 1, 2, 6, 5, 3, 4]
[(0, 1), (0, 2), (0, 6), (1, 5), (3, 6), (4, 6)]
[(2, 5), (3, 5), (4, 5)]
[(0, 2), (1, 5), (4, 6), (3, 6), (3, 5), (0, 6)]
[0, 1, 1, 1, 1, 0]
[(4, 6), (3, 6), (3, 5), (0, 6), (0, 2), (0, 1)]
[1, 1, 0, 1, 1, 1]

309
[(0, 2), (0, 3), (0, 5), (0, 6), (1, 2), (1, 3), (1, 4), (2, 3), (2, 4), (3, 4), (4, 6)]
1
[1, 2, 0, 3, 4, 6, 5]
[(1, 2), (0, 2), (0, 3), (3, 4), (4, 6), (0, 5)]
[(0, 6), (1, 3), (1, 4), (2, 3), (2, 4)]
[1, 2, 3, 4, 0, 6, 5]
[(1, 2), (1, 3), (1, 4), (0, 2), (4, 6), (0, 5)]
[(0, 3), (0, 6), (2, 3), (2, 4), (3, 4)]
[(0, 3), (4, 6), (0, 5), (1, 2), (0, 2), (1, 3)]
[1, 1, 1, 1, 1, 0]
[(1, 2), (1, 4), (0, 5), (0, 3), (2, 4), (4, 6)]
[1, 1, 1, 0, 0, 1]

310
[(0, 1), (0, 3), (0, 4), (0, 6), (1, 3), (1, 6), (2, 6), (3, 4), (4, 5), (4, 6)]
3
[3, 0, 1, 6, 2, 4, 5]
[(0, 3), (0, 1), (1, 6), (2, 6), (4, 6), (4, 5)]
[(0, 4), (0, 6), (1, 3), (3, 4)]
[3, 0, 1, 4, 6, 5, 2]
[(0, 3), (1, 3), (3, 4), (0, 6), (4, 5), (2, 6)]
[(0, 1), (0, 4), (1, 6), (4, 6)]
[(0, 4), (4, 6), (1, 6), (0, 6), (1, 3), (3, 4)]
[0, 1, 1, 0, 0, 0]
[(2, 6), (0, 6), (0, 3), (4, 5), (3, 4), (4, 6)]
[1, 1, 1, 1, 1, 0]

311
[(0, 2), (0, 3), (1, 2), (1, 5), (2, 5), (2, 6), (3, 5), (3, 6), (4, 5), (4, 6)]
2
[2, 0, 3, 5, 1, 4, 6]
[(0, 2), (0, 3), (3, 5), (1, 5), (4, 5), (4, 6)]
[(1, 2), (2, 5), (2, 6), (3, 6)]
[2, 0, 1, 5, 6, 3, 4]
[(0, 2), (1, 2), (2, 5), (2, 6), (0, 3), (4, 5)]
[(1, 5), (3, 5), (3, 6), (4, 6)]
[(1, 5), (3, 5), (3, 6), (2, 6), (0, 3), (4, 5)]
[1, 1, 0, 0, 1, 1]
[(2, 5), (2, 6), (1, 2), (0, 3), (0, 2), (1, 5)]
[1, 1, 1, 1, 1, 0]

312
[(0, 1), (0, 6), (1, 2), (1, 5), (2, 3), (2, 4), (3, 4), (3, 5), (4, 5), (4, 6)]
3
[3, 2, 1, 0, 6, 4, 5]
[(2, 3), (1, 2), (0, 1), (0, 6), (4, 6), (4, 5)]
[(1, 5), (2, 4), (3, 4), (3, 5)]
[3, 2, 4, 5, 1, 6, 0]
[(2, 3), (3, 4), (3, 5), (1, 2), (4, 6), (0, 1)]
[(0, 6), (1, 5), (2, 4), (4, 5)]
[(4, 5), (4, 6), (1, 2), (3, 5), (2, 4), (3, 4)]
[1, 1, 1, 0, 0, 0]
[(4, 5), (3, 5), (1, 5), (3, 4), (2, 4), (0, 6)]
[0, 1, 0, 1, 0, 0]

313
[(0, 2), (0, 4), (0, 5), (1, 3), (2, 4), (2, 5), (2, 6), (3, 4), (3, 5), (4, 6), (5, 6)]
4
[4, 0, 2, 5, 3, 1, 6]
[(0, 4), (0, 2), (2, 5), (3, 5), (1, 3), (5, 6)]
[(0, 5), (2, 4), (2, 6), (3, 4), (4, 6)]
[4, 0, 2, 3, 6, 5, 1]
[(0, 4), (2, 4), (3, 4), (4, 6), (0, 5), (1, 3)]
[(0, 2), (2, 5), (2, 6), (3, 5), (5, 6)]
[(2, 4), (3, 4), (0, 2), (2, 6), (0, 4), (4, 6)]
[0, 0, 1, 0, 1, 0]
[(3, 4), (4, 6), (0, 4), (1, 3), (3, 5), (0, 5)]
[1, 1, 1, 1, 0, 1]

314
[(0, 3), (1, 3), (2, 3), (2, 4), (2, 5), (3, 4), (3, 6), (4, 5), (4, 6), (5, 6)]
5
[5, 2, 3, 0, 1, 4, 6]
[(2, 5), (2, 3), (0, 3), (1, 3), (3, 4), (4, 6)]
[(2, 4), (3, 6), (4, 5), (5, 6)]
[5, 2, 4, 6, 3, 0, 1]
[(2, 5), (4, 5), (5, 6), (2, 3), (0, 3), (1, 3)]
[(2, 4), (3, 4), (3, 6), (4, 6)]
[(3, 6), (3, 4), (2, 5), (2, 3), (4, 5), (1, 3)]
[0, 1, 1, 1, 0, 1]
[(2, 4), (5, 6), (3, 4), (1, 3), (4, 5), (0, 3)]
[0, 1, 0, 1, 1, 1]

315
[(0, 4), (0, 6), (1, 3), (1, 5), (2, 4), (2, 5), (2, 6), (3, 4), (3, 6), (4, 6)]
5
[5, 1, 3, 4, 0, 6, 2]
[(1, 5), (1, 3), (3, 4), (0, 4), (0, 6), (2, 6)]
[(2, 4), (2, 5), (3, 6), (4, 6)]
[5, 1, 2, 3, 4, 6, 0]
[(1, 5), (2, 5), (1, 3), (2, 4), (2, 6), (0, 4)]
[(0, 6), (3, 4), (3, 6), (4, 6)]
[(1, 5), (4, 6), (3, 6), (2, 6), (2, 5), (1, 3)]
[1, 0, 0, 1, 0, 1]
[(3, 6), (2, 4), (1, 5), (2, 6), (1, 3), (2, 5)]
[0, 1, 1, 1, 1, 1]

316
[(0, 1), (0, 2), (0, 3), (1, 3), (1, 4), (2, 4), (2, 6), (3, 6), (4, 6), (5, 6)]
3
[3, 0, 1, 4, 2, 6, 5]
[(0, 3), (0, 1), (1, 4), (2, 4), (2, 6), (5, 6)]
[(0, 2), (1, 3), (3, 6), (4, 6)]
[3, 0, 1, 6, 2, 4, 5]
[(0, 3), (1, 3), (3, 6), (0, 2), (1, 4), (5, 6)]
[(0, 1), (2, 4), (2, 6), (4, 6)]
[(2, 6), (0, 2), (4, 6), (0, 1), (1, 4), (1, 3)]
[1, 0, 0, 1, 1, 0]
[(0, 1), (5, 6), (3, 6), (0, 2), (2, 6), (2, 4)]
[0, 1, 1, 1, 0, 0]

317
[(0, 2), (0, 3), (0, 6), (1, 2), (1, 5), (2, 4), (2, 5), (2, 6), (3, 4), (4, 6)]
4
[4, 2, 0, 3, 6, 1, 5]
[(2, 4), (0, 2), (0, 3), (0, 6), (1, 2), (1, 5)]
[(2, 5), (2, 6), (3, 4), (4, 6)]
[4, 2, 3, 6, 0, 1, 5]
[(2, 4), (3, 4), (4, 6), (0, 2), (1, 2), (2, 5)]
[(0, 3), (0, 6), (1, 5), (2, 6)]
[(1, 2), (2, 4), (2, 6), (4, 6), (2, 5), (3, 4)]
[1, 1, 0, 0, 0, 0]
[(2, 5), (4, 6), (3, 4), (1, 5), (2, 4), (0, 6)]
[1, 1, 1, 0, 1, 0]

318
[(0, 2), (0, 4), (1, 5), (1, 6), (2, 6), (3, 5), (3, 6), (4, 6), (5, 6)]
6
[6, 1, 5, 3, 2, 0, 4]
[(1, 6), (1, 5), (3, 5), (2, 6), (0, 2), (0, 4)]
[(3, 6), (4, 6), (5, 6)]
[6, 1, 2, 3, 4, 5, 0]
[(1, 6), (2, 6), (3, 6), (4, 6), (5, 6), (0, 2)]
[(0, 4), (1, 5), (3, 5)]
[(1, 5), (2, 6), (1, 6), (3, 6), (5, 6), (4, 6)]
[1, 1, 1, 0, 0, 0]
[(1, 5), (0, 4), (3, 5), (4, 6), (0, 2), (5, 6)]
[0, 0, 0, 1, 1, 1]

319
[(0, 1), (0, 6), (1, 2), (1, 3), (2, 5), (2, 6), (3, 5), (4, 5), (4, 6)]
3
[3, 1, 0, 6, 2, 5, 4]
[(1, 3), (0, 1), (0, 6), (2, 6), (2, 5), (4, 5)]
[(1, 2), (3, 5), (4, 6)]
[3, 1, 5, 0, 2, 4, 6]
[(1, 3), (3, 5), (0, 1), (1, 2), (4, 5), (0, 6)]
[(2, 5), (2, 6), (4, 6)]
[(3, 5), (2, 6), (1, 3), (2, 5), (0, 1), (4, 5)]
[0, 1, 1, 1, 1, 1]
[(1, 2), (0, 6), (4, 5), (2, 6), (4, 6), (0, 1)]
[1, 1, 1, 0, 0, 1]

320
[(0, 3), (0, 4), (0, 5), (1, 3), (1, 5), (1, 6), (2, 6), (3, 4), (3, 6), (4, 6)]
5
[5, 0, 3, 1, 6, 2, 4]
[(0, 5), (0, 3), (1, 3), (1, 6), (2, 6), (4, 6)]
[(0, 4), (1, 5), (3, 4), (3, 6)]
[5, 0, 1, 3, 4, 6, 2]
[(0, 5), (1, 5), (0, 3), (0, 4), (1, 6), (2, 6)]
[(1, 3), (3, 4), (3, 6), (4, 6)]
[(2, 6), (1, 3), (0, 3), (4, 6), (1, 5), (0, 4)]
[1, 1, 1, 1, 0, 0]
[(2, 6), (4, 6), (1, 5), (0, 5), (3, 6), (3, 4)]
[1, 0, 1, 1, 0, 0]

321
[(0, 5), (0, 6), (1, 4), (1, 5), (2, 3), (2, 5), (3, 5), (4, 5), (4, 6)]
0
[0, 5, 1, 4, 6, 2, 3]
[(0, 5), (1, 5), (1, 4), (4, 6), (2, 5), (2, 3)]
[(0, 6), (3, 5), (4, 5)]
[0, 5, 6, 1, 2, 3, 4]
[(0, 5), (0, 6), (1, 5), (2, 5), (3, 5), (4, 5)]
[(1, 4), (2, 3), (4, 6)]
[(4, 5), (3, 5), (0, 5), (0, 6), (1, 4), (4, 6)]
[0, 0, 1, 0, 1, 1]
[(0, 6), (4, 5), (0, 5), (1, 5), (2, 5), (1, 4)]
[1, 1, 1, 1, 1, 0]

322
[(0, 1), (0, 3), (0, 5), (1, 3), (1, 5), (1, 6), (2, 4), (2, 6), (3, 4), (3, 5)]
3
[3, 0, 1, 5, 6, 2, 4]
[(0, 3), (0, 1), (1, 5), (1, 6), (2, 6), (2, 4)]
[(0, 5), (1, 3), (3, 4), (3, 5)]
[3, 0, 1, 4, 5, 6, 2]
[(0, 3), (1, 3), (3, 4), (3, 5), (1, 6), (2, 4)]
[(0, 1), (0, 5), (1, 5), (2, 6)]
[(0, 3), (1, 5), (0, 1), (2, 4), (1, 3), (0, 5)]
[1, 1, 1, 1, 0, 0]
[(2, 4), (3, 4), (2, 6), (3, 5), (1, 5), (1, 6)]
[1, 1, 0, 1, 0, 1]

323
[(0, 2), (0, 4), (0, 6), (1, 3), (3, 4), (3, 5), (3, 6), (4, 5), (4, 6), (5, 6)]
5
[5, 3, 1, 4, 0, 2, 6]
[(3, 5), (1, 3), (3, 4), (0, 4), (0, 2), (0, 6)]
[(3, 6), (4, 5), (4, 6), (5, 6)]
[5, 3, 4, 6, 1, 0, 2]
[(3, 5), (4, 5), (5, 6), (1, 3), (0, 4), (0, 2)]
[(0, 6), (3, 4), (3, 6), (4, 6)]
[(0, 2), (3, 6), (4, 6), (3, 5), (0, 6), (4, 5)]
[1, 0, 0, 1, 1, 0]
[(3, 5), (0, 6), (0, 4), (5, 6), (3, 6), (1, 3)]
[1, 0, 1, 1, 0, 1]

324
[(0, 1), (0, 2), (0, 4), (1, 2), (2, 3), (2, 6), (3, 4), (3, 5), (4, 6)]
2
[2, 0, 1, 4, 3, 5, 6]
[(0, 2), (0, 1), (0, 4), (3, 4), (3, 5), (4, 6)]
[(1, 2), (2, 3), (2, 6)]
[2, 0, 1, 3, 6, 4, 5]
[(0, 2), (1, 2), (2, 3), (2, 6), (0, 4), (3, 5)]
[(0, 1), (3, 4), (4, 6)]
[(0, 1), (2, 3), (1, 2), (0, 2), (4, 6), (3, 4)]
[1, 0, 0, 1, 1, 1]
[(2, 6), (3, 5), (0, 2), (1, 2), (3, 4), (4, 6)]
[1, 1, 1, 1, 0, 0]

325
[(0, 2), (0, 4), (0, 5), (1, 3), (1, 4), (2, 5), (3, 4), (3, 6), (4, 5), (4, 6)]
2
[2, 0, 4, 1, 3, 6, 5]
[(0, 2), (0, 4), (1, 4), (1, 3), (3, 6), (4, 5)]
[(0, 5), (2, 5), (3, 4), (4, 6)]
[2, 0, 5, 4, 1, 3, 6]
[(0, 2), (2, 5), (0, 4), (1, 4), (3, 4), (4, 6)]
[(0, 5), (1, 3), (3, 6), (4, 5)]
[(0, 2), (4, 6), (3, 6), (0, 4), (2, 5), (4, 5)]
[1, 0, 1, 1, 0, 1]
[(1, 3), (4, 5), (0, 5), (0, 2), (2, 5), (3, 6)]
[0, 0, 0, 1, 1, 0]

326
[(0, 2), (0, 4), (0, 6), (1, 2), (1, 3), (1, 6), (2, 3), (2, 4), (2, 6), (3, 6), (4, 5)]
1
[1, 2, 0, 4, 5, 6, 3]
[(1, 2), (0, 2), (0, 4), (4, 5), (0, 6), (3, 6)]
[(1, 3), (1, 6), (2, 3), (2, 4), (2, 6)]
[1, 2, 3, 6, 0, 4, 5]
[(1, 2), (1, 3), (1, 6), (0, 2), (2, 4), (4, 5)]
[(0, 4), (0, 6), (2, 3), (2, 6), (3, 6)]
[(0, 6), (0, 2), (3, 6), (4, 5), (1, 6), (0, 4)]
[1, 1, 1, 1, 0, 1]
[(1, 3), (2, 4), (0, 2), (1, 2), (0, 4), (4, 5)]
[1, 1, 1, 1, 0, 1]

327
[(0, 1), (0, 2), (0, 6), (1, 2), (2, 6), (3, 4), (3, 5), (4, 5), (4, 6), (5, 6)]
4
[4, 3, 5, 6, 0, 1, 2]
[(3, 4), (3, 5), (5, 6), (0, 6), (0, 1), (1, 2)]
[(0, 2), (2, 6), (4, 5), (4, 6)]
[4, 3, 5, 6, 0, 2, 1]
[(3, 4), (4, 5), (4, 6), (0, 6), (2, 6), (0, 1)]
[(0, 2), (1, 2), (3, 5), (5, 6)]
[(1, 2), (5, 6), (0, 6), (4, 5), (4, 6), (2, 6)]
[1, 1, 1, 0, 0, 0]
[(1, 2), (0, 1), (2, 6), (4, 5), (5, 6), (0, 6)]
[0, 1, 1, 1, 0, 1]

328
[(0, 5), (0, 6), (1, 2), (1, 6), (2, 3), (2, 6), (3, 5), (4, 6), (5, 6)]
4
[4, 6, 0, 5, 3, 2, 1]
[(4, 6), (0, 6), (0, 5), (3, 5), (2, 3), (1, 2)]
[(1, 6), (2, 6), (5, 6)]
[4, 6, 0, 1, 2, 5, 3]
[(4, 6), (0, 6), (1, 6), (2, 6), (5, 6), (2, 3)]
[(0, 5), (1, 2), (3, 5)]
[(2, 3), (4, 6), (2, 6), (5, 6), (0, 5), (1, 6)]
[1, 1, 0, 0, 1, 0]
[(1, 2), (1, 6), (2, 3), (0, 6), (5, 6), (2, 6)]
[0, 1, 1, 1, 1, 1]

329
[(0, 1), (0, 6), (1, 3), (1, 5), (2, 3), (2, 4), (2, 6), (3, 5), (3, 6), (4, 5)]
2
[2, 3, 1, 0, 6, 5, 4]
[(2, 3), (1, 3), (0, 1), (0, 6), (1, 5), (4, 5)]
[(2, 4), (2, 6), (3, 5), (3, 6)]
[2, 3, 4, 6, 1, 5, 0]
[(2, 3), (2, 4), (2, 6), (1, 3), (3, 5), (0, 6)]
[(0, 1), (1, 5), (3, 6), (4, 5)]
[(2, 6), (3, 5), (2, 3), (3, 6), (0, 1), (0, 6)]
[0, 0, 1, 0, 1, 1]
[(2, 6), (3, 6), (1, 5), (3, 5), (4, 5), (0, 6)]
[1, 0, 0, 1, 0, 1]

330
[(0, 1), (0, 2), (0, 3), (0, 4), (0, 5), (0, 6), (1, 5), (1, 6), (3, 4)]
2
[2, 0, 1, 5, 6, 3, 4]
[(0, 2), (0, 1), (1, 5), (1, 6), (0, 3), (3, 4)]
[(0, 4), (0, 5), (0, 6)]
[2, 0, 1, 3, 4, 5, 6]
[(0, 2), (0, 1), (0, 3), (0, 4), (0, 5), (0, 6)]
[(1, 5), (1, 6), (3, 4)]
[(1, 5), (0, 3), (0, 5), (3, 4), (1, 6), (0, 4)]
[1, 1, 0, 1, 1, 0]
[(0, 6), (1, 5), (0, 4), (0, 5), (1, 6), (3, 4)]
[1, 0, 1, 1, 0, 0]

331
[(0, 1), (0, 4), (0, 6), (1, 4), (1, 6), (2, 3), (2, 5), (3, 5), (3, 6), (4, 6)]
5
[5, 2, 3, 6, 0, 1, 4]
[(2, 5), (2, 3), (3, 6), (0, 6), (0, 1), (1, 4)]
[(0, 4), (1, 6), (3, 5), (4, 6)]
[5, 2, 3, 6, 0, 1, 4]
[(2, 5), (3, 5), (3, 6), (0, 6), (1, 6), (4, 6)]
[(0, 1), (0, 4), (1, 4), (2, 3)]
[(1, 4), (3, 5), (2, 3), (2, 5), (0, 1), (3, 6)]
[1, 0, 1, 1, 1, 1]
[(3, 6), (1, 6), (0, 6), (0, 4), (2, 5), (4, 6)]
[1, 1, 1, 0, 1, 1]

332
[(0, 1), (0, 3), (0, 4), (0, 6), (1, 3), (1, 5), (2, 6), (3, 4), (3, 6), (4, 5)]
0
[0, 1, 3, 4, 5, 6, 2]
[(0, 1), (1, 3), (3, 4), (4, 5), (3, 6), (2, 6)]
[(0, 3), (0, 4), (0, 6), (1, 5)]
[0, 1, 3, 4, 6, 5, 2]
[(0, 1), (0, 3), (0, 4), (0, 6), (1, 5), (2, 6)]
[(1, 3), (3, 4), (3, 6), (4, 5)]
[(3, 4), (3, 6), (2, 6), (1, 3), (0, 6), (0, 1)]
[1, 1, 1, 1, 0, 1]
[(1, 5), (1, 3), (0, 4), (3, 6), (0, 6), (2, 6)]
[1, 0, 1, 0, 1, 1]

333
[(0, 3), (0, 4), (0, 5), (0, 6), (1, 3), (2, 3), (2, 4), (2, 6), (3, 6), (4, 5)]
6
[6, 0, 3, 1, 2, 4, 5]
[(0, 6), (0, 3), (1, 3), (2, 3), (2, 4), (4, 5)]
[(0, 4), (0, 5), (2, 6), (3, 6)]
[6, 0, 2, 3, 4, 5, 1]
[(0, 6), (2, 6), (3, 6), (0, 4), (0, 5), (1, 3)]
[(0, 3), (2, 3), (2, 4), (4, 5)]
[(0, 3), (0, 4), (1, 3), (0, 5), (0, 6), (2, 3)]
[1, 0, 1, 0, 1, 1]
[(0, 6), (4, 5), (0, 5), (1, 3), (0, 3), (3, 6)]
[1, 0, 1, 1, 0, 1]

334
[(0, 2), (0, 4), (0, 6), (1, 2), (1, 3), (1, 4), (2, 3), (2, 4), (2, 5), (2, 6), (3, 6)]
4
[4, 0, 2, 1, 3, 6, 5]
[(0, 4), (0, 2), (1, 2), (1, 3), (3, 6), (2, 5)]
[(0, 6), (1, 4), (2, 3), (2, 4), (2, 6)]
[4, 0, 1, 2, 6, 3, 5]
[(0, 4), (1, 4), (2, 4), (0, 6), (1, 3), (2, 5)]
[(0, 2), (1, 2), (2, 3), (2, 6), (3, 6)]
[(1, 4), (2, 3), (2, 6), (1, 2), (1, 3), (2, 4)]
[0, 0, 0, 1, 1, 0]
[(2, 5), (0, 4), (0, 6), (2, 6), (3, 6), (0, 2)]
[1, 1, 1, 0, 0, 0]

335
[(0, 2), (0, 4), (0, 6), (1, 2), (1, 6), (2, 3), (2, 4), (3, 5), (3, 6), (5, 6)]
1
[1, 2, 0, 4, 6, 3, 5]
[(1, 2), (0, 2), (0, 4), (0, 6), (3, 6), (3, 5)]
[(1, 6), (2, 3), (2, 4), (5, 6)]
[1, 2, 6, 0, 3, 4, 5]
[(1, 2), (1, 6), (0, 2), (2, 3), (2, 4), (5, 6)]
[(0, 4), (0, 6), (3, 5), (3, 6)]
[(0, 4), (3, 5), (1, 6), (0, 2), (0, 6), (1, 2)]
[1, 1, 0, 1, 1, 1]
[(3, 5), (5, 6), (0, 2), (1, 6), (2, 3), (1, 2)]
[0, 1, 1, 1, 1, 1]

336
[(0, 1), (0, 2), (0, 3), (0, 5), (0, 6), (2, 4), (2, 5), (3, 5), (3, 6), (4, 5)]
4
[4, 2, 0, 1, 3, 5, 6]
[(2, 4), (0, 2), (0, 1), (0, 3), (3, 5), (3, 6)]
[(0, 5), (0, 6), (2, 5), (4, 5)]
[4, 2, 5, 0, 3, 1, 6]
[(2, 4), (4, 5), (0, 2), (3, 5), (0, 1), (0, 6)]
[(0, 3), (0, 5), (2, 5), (3, 6)]
[(3, 5), (0, 5), (0, 6), (4, 5), (0, 2), (2, 5)]
[1, 0, 0, 0, 1, 0]
[(0, 1), (0, 2), (3, 5), (2, 5), (0, 3), (2, 4)]
[1, 1, 1, 0, 0, 1]

337
[(0, 1), (0, 2), (0, 5), (1, 3), (1, 4), (1, 5), (2, 4), (2, 5), (3, 5), (3, 6), (4, 5)]
1
[1, 0, 2, 4, 5, 3, 6]
[(0, 1), (0, 2), (2, 4), (4, 5), (3, 5), (3, 6)]
[(0, 5), (1, 3), (1, 4), (1, 5), (2, 5)]
[1, 0, 3, 4, 5, 2, 6]
[(0, 1), (1, 3), (1, 4), (1, 5), (0, 2), (3, 6)]
[(0, 5), (2, 4), (2, 5), (3, 5), (4, 5)]
[(4, 5), (2, 4), (3, 5), (1, 4), (2, 5), (3, 6)]
[1, 1, 1, 0, 0, 1]
[(3, 6), (1, 4), (0, 2), (4, 5), (1, 3), (0, 1)]
[1, 1, 1, 0, 1, 1]

338
[(0, 1), (0, 4), (0, 5), (1, 4), (1, 5), (2, 3), (2, 5), (2, 6), (4, 6), (5, 6)]
5
[5, 0, 1, 4, 6, 2, 3]
[(0, 5), (0, 1), (1, 4), (4, 6), (2, 6), (2, 3)]
[(0, 4), (1, 5), (2, 5), (5, 6)]
[5, 0, 1, 2, 6, 4, 3]
[(0, 5), (1, 5), (2, 5), (5, 6), (0, 4), (2, 3)]
[(0, 1), (1, 4), (2, 6), (4, 6)]
[(2, 6), (5, 6), (1, 4), (2, 3), (0, 5), (0, 1)]
[1, 0, 1, 1, 1, 1]
[(1, 4), (4, 6), (2, 5), (0, 4), (5, 6), (2, 6)]
[0, 0, 1, 1, 1, 0]

339
[(0, 3), (0, 4), (0, 5), (0, 6), (1, 5), (2, 4), (2, 5), (2, 6), (3, 6), (4, 6), (5, 6)]
0
[0, 3, 6, 2, 4, 5, 1]
[(0, 3), (3, 6), (2, 6), (2, 4), (2, 5), (1, 5)]
[(0, 4), (0, 5), (0, 6), (4, 6), (5, 6)]
[0, 3, 4, 5, 6, 2, 1]
[(0, 3), (0, 4), (0, 5), (0, 6), (2, 4), (1, 5)]
[(2, 5), (2, 6), (3, 6), (4, 6), (5, 6)]
[(0, 5), (3, 6), (4, 6), (0, 3), (0, 6), (0, 4)]
[0, 1, 0, 1, 0, 0]
[(0, 6), (0, 4), (2, 4), (4, 6), (1, 5), (2, 6)]
[1, 1, 1, 0, 1, 0]

340
[(0, 1), (0, 2), (0, 3), (1, 5), (1, 6), (2, 3), (2, 4), (4, 5), (5, 6)]
3
[3, 0, 1, 5, 4, 2, 6]
[(0, 3), (0, 1), (1, 5), (4, 5), (2, 4), (5, 6)]
[(0, 2), (1, 6), (2, 3)]
[3, 0, 2, 1, 4, 5, 6]
[(0, 3), (2, 3), (0, 1), (2, 4), (1, 5), (1, 6)]
[(0, 2), (4, 5), (5, 6)]
[(0, 2), (5, 6), (2, 3), (0, 1), (1, 5), (1, 6)]
[0, 1, 0, 1, 1, 0]
[(4, 5), (5, 6), (1, 5), (0, 2), (2, 3), (1, 6)]
[0, 0, 1, 0, 1, 1]

341
[(0, 1), (0, 2), (0, 3), (0, 4), (0, 5), (0, 6), (1, 6), (2, 4), (3, 5), (4, 6)]
4
[4, 0, 1, 6, 2, 3, 5]
[(0, 4), (0, 1), (1, 6), (0, 2), (0, 3), (3, 5)]
[(0, 5), (0, 6), (2, 4), (4, 6)]
[4, 0, 2, 6, 1, 3, 5]
[(0, 4), (2, 4), (4, 6), (0, 1), (0, 3), (0, 5)]
[(0, 2), (0, 6), (1, 6), (3, 5)]
[(0, 5), (0, 6), (2, 4), (0, 1), (1, 6), (0, 3)]
[0, 0, 0, 1, 1, 1]
[(0, 4), (4, 6), (3, 5), (0, 1), (1, 6), (0, 3)]
[1, 1, 0, 1, 0, 1]

342
[(0, 2), (0, 3), (0, 4), (0, 5), (1, 3), (1, 6), (2, 3), (2, 5), (3, 5), (5, 6)]
2
[2, 0, 3, 1, 6, 5, 4]
[(0, 2), (0, 3), (1, 3), (1, 6), (5, 6), (0, 4)]
[(0, 5), (2, 3), (2, 5), (3, 5)]
[2, 0, 3, 5, 4, 1, 6]
[(0, 2), (2, 3), (2, 5), (0, 4), (1, 3), (5, 6)]
[(0, 3), (0, 5), (1, 6), (3, 5)]
[(0, 2), (5, 6), (2, 3), (0, 3), (3, 5), (2, 5)]
[1, 1, 0, 1, 0, 0]
[(1, 3), (3, 5), (2, 5), (0, 3), (0, 5), (1, 6)]
[1, 0, 1, 0, 0, 0]

343
[(0, 1), (0, 3), (0, 6), (1, 2), (1, 6), (2, 3), (2, 5), (2, 6), (3, 6), (4, 5)]
4
[4, 5, 2, 1, 0, 3, 6]
[(4, 5), (2, 5), (1, 2), (0, 1), (0, 3), (3, 6)]
[(0, 6), (1, 6), (2, 3), (2, 6)]
[4, 5, 2, 1, 3, 6, 0]
[(4, 5), (2, 5), (1, 2), (2, 3), (2, 6), (0, 1)]
[(0, 3), (0, 6), (1, 6), (3, 6)]
[(0, 1), (2, 3), (0, 6), (2, 5), (3, 6), (2, 6)]
[1, 0, 0, 1, 1, 0]
[(1, 2), (0, 1), (2, 6), (0, 3), (2, 3), (2, 5)]
[1, 1, 1, 0, 1, 1]

344
[(0, 1), (0, 3), (0, 4), (0, 5), (0, 6), (1, 2), (1, 4), (1, 5), (3, 5), (4, 5), (4, 6)]
4
[4, 0, 1, 2, 5, 3, 6]
[(0, 4), (0, 1), (1, 2), (1, 5), (3, 5), (0, 6)]
[(0, 3), (0, 5), (1, 4), (4, 5), (4, 6)]
[4, 0, 1, 5, 6, 3, 2]
[(0, 4), (1, 4), (4, 5), (4, 6), (0, 3), (1, 2)]
[(0, 1), (0, 5), (0, 6), (1, 5), (3, 5)]
[(1, 2), (0, 3), (4, 5), (1, 5), (0, 6), (3, 5)]
[1, 0, 0, 1, 1, 1]
[(0, 4), (4, 5), (4, 6), (0, 6), (0, 3), (1, 4)]
[1, 1, 1, 0, 1, 1]

345
[(0, 1), (0, 6), (1, 6), (2, 3), (2, 4), (2, 6), (3, 4), (3, 6), (4, 6), (5, 6)]
4
[4, 2, 3, 6, 0, 1, 5]
[(2, 4), (2, 3), (3, 6), (0, 6), (0, 1), (5, 6)]
[(1, 6), (2, 6), (3, 4), (4, 6)]
[4, 2, 3, 6, 0, 1, 5]
[(2, 4), (3, 4), (4, 6), (0, 6), (1, 6), (5, 6)]
[(0, 1), (2, 3), (2, 6), (3, 6)]
[(4, 6), (0, 1), (3, 4), (2, 6), (2, 3), (0, 6)]
[0, 1, 0, 0, 1, 1]
[(2, 6), (3, 6), (2, 3), (1, 6), (2, 4), (0, 1)]
[0, 0, 0, 1, 1, 0]

346
[(0, 1), (0, 2), (0, 3), (0, 4), (1, 4), (2, 5), (2, 6), (4, 5), (4, 6), (5, 6)]
2
[2, 0, 1, 4, 5, 6, 3]
[(0, 2), (0, 1), (1, 4), (4, 5), (5, 6), (0, 3)]
[(0, 4), (2, 5), (2, 6), (4, 6)]
[2, 0, 5, 6, 1, 3, 4]
[(0, 2), (2, 5), (2, 6), (0, 1), (0, 3), (0, 4)]
[(1, 4), (4, 5), (4, 6), (5, 6)]
[(2, 6), (1, 4), (0, 2), (5, 6), (4, 5), (0, 1)]
[0, 1, 1, 1, 1, 1]
[(5, 6), (4, 5), (2, 6), (0, 2), (0, 3), (4, 6)]
[0, 0, 1, 1, 1, 0]

347
[(0, 1), (0, 2), (0, 3), (0, 5), (1, 2), (1, 3), (1, 4), (1, 5), (1, 6), (3, 4)]
4
[4, 1, 0, 2, 3, 5, 6]
[(1, 4), (0, 1), (0, 2), (0, 3), (0, 5), (1, 6)]
[(1, 2), (1, 3), (1, 5), (3, 4)]
[4, 1, 3, 0, 2, 5, 6]
[(1, 4), (3, 4), (0, 1), (1, 2), (1, 5), (1, 6)]
[(0, 2), (0, 3), (0, 5), (1, 3)]
[(0, 2), (1, 4), (0, 1), (1, 3), (1, 6), (3, 4)]
[1, 1, 1, 0, 1, 0]
[(1, 5), (0, 5), (3, 4), (0, 3), (1, 4), (0, 1)]
[1, 0, 1, 0, 1, 1]

348
[(0, 3), (1, 2), (1, 3), (1, 6), (2, 3), (2, 5), (2, 6), (3, 4), (3, 5), (3, 6), (5, 6)]
4
[4, 3, 0, 1, 2, 5, 6]
[(3, 4), (0, 3), (1, 3), (1, 2), (2, 5), (5, 6)]
[(1, 6), (2, 3), (2, 6), (3, 5), (3, 6)]
[4, 3, 0, 1, 2, 5, 6]
[(3, 4), (0, 3), (1, 3), (2, 3), (3, 5), (3, 6)]
[(1, 2), (1, 6), (2, 5), (2, 6), (5, 6)]
[(1, 3), (0, 3), (1, 6), (3, 5), (2, 6), (3, 6)]
[1, 1, 0, 0, 0, 0]
[(1, 2), (1, 3), (5, 6), (3, 6), (3, 4), (2, 3)]
[0, 1, 0, 1, 1, 1]

349
[(0, 1), (0, 6), (1, 3), (2, 3), (2, 5), (3, 4), (3, 5), (4, 5), (5, 6)]
0
[0, 1, 3, 2, 5, 4, 6]
[(0, 1), (1, 3), (2, 3), (2, 5), (4, 5), (5, 6)]
[(0, 6), (3, 4), (3, 5)]
[0, 1, 6, 3, 5, 2, 4]
[(0, 1), (0, 6), (1, 3), (5, 6), (2, 3), (3, 4)]
[(2, 5), (3, 5), (4, 5)]
[(1, 3), (4, 5), (5, 6), (2, 5), (0, 6), (3, 5)]
[1, 1, 1, 1, 0, 0]
[(4, 5), (3, 5), (0, 6), (0, 1), (3, 4), (2, 5)]
[0, 0, 1, 1, 1, 0]

